previous,next
19.004,6
19.996,6
20.846,5
21.012,6
21.918,7
23.134,6
23.53,6
23.874,6
24.732,6
24.304,7
24.376,6
24.484,6
24.73,6
24.988,7
25.744,7
25.692,7
26.198,6
26.192,6
26.04,6
25.648,6
25.268,6
24.756,6
24.542,6
24.322,6
24.196,6
24.164,6
23.978,6
23.53,5
22.718,5
22.136,6
21.816,6
21.842,6
21.94,6
22.736,6
23.292,6
23.274,6
22.894,6
22.766,5
22.296,6
21.99,5
21.562,5
20.984,5
20.552,5
20.344,5
19.952,5
20.052,5
20.162,5
19.976,4
19.44,4
19.084,5
18.686,5
18.776,6
19.562,5
20.13,5
20.39,5
20.78,5
20.714,4
19.858,5
19.712,6
20.362,5
20.248,6
20.7,5
21.25,6
21.656,6
21.548,6
21.798,4
20.938,5
20.656,5
20.454,5
20.07,6
20.266,6
21.212,6
21.918,6
22.6,6
22.864,5
22.502,5
22.06,6
21.832,5
20.904,4
20.25,5
19.942,4
19.454,4
18.472,4
18.098,4
18.11,4
17.974,4
18.13,5
18.636,5
19.134,5
19.334,4
19.148,4
18.884,4
18.362,4
17.678,4
17.348,4
17.242,4
17.328,4
17.352,5
17.758,4
17.678,4
17.716,4
17.594,4
17.808,5
17.852,4
17.848,4
17.75,4
17.848,4
17.438,4
16.964,4
16.956,4
17.06,3
16.724,4
16.998,3
16.724,3
16.302,3
15.766,5
16.458,4
16.328,4
16.54,3
16.686,3
16.978,3
16.206,4
16.046,3
16.01,4
16.26,4
16.306,4
16.538,4
16.67,4
16.784,4
16.746,4
16.882,4
16.9,4
16.848,5
17.292,4
17.592,3
17.3,6
18.686,6
19.712,5
19.97,5
20.31,5
21.408,5
20.904,5
20.768,5
21.058,5
21.092,7
22.616,7
25.566,7
27.894,7
29.22,6
30.012,7
29.414,6
27.38,6
25.666,6
24.674,7
25.228,7
25.584,7
25.728,7
26.672,7
28.12,7
29.982,7
31.262,7
31.896,7
31.94,7
31.306,7
29.99,7
29.184,7
29.174,7
29.054,7
29.616,7
29.384,7
29.272,7
29.032,7
28.952,7
28.78,7
29.146,7
29.188,7
29.276,7
29.228,7
29.094,7
28.99,7
29.192,7
29.19,7
29.252,7
29.254,7
29.068,7
28.568,7
28.262,7
28.204,7
27.972,7
27.72,7
27.716,7
28.402,7
29.06,7
30.354,7
31.172,7
31.892,7
32.04,7
32.076,7
31.2,7
30.384,7
29.51,7
28.734,7
28.116,7
28.004,7
28.582,7
29.436,7
30.026,7
30.378,7
30.62,7
30.476,7
30.138,7
29.856,7
30.022,7
30.13,7
29.516,6
28.666,6
27.76,6
26.164,6
24.52,5
23.396,5
22.466,5
21.568,5
21.208,5
20.89,6
21.174,6
21.556,6
22.13,6
22.694,6
22.93,6
22.836,6
22.67,5
22.266,6
22.008,6
22.094,6
22.352,6
22.696,5
22.764,6
22.85,6
23.102,6
23.356,6
23.228,6
23.588,6
23.604,6
23.366,6
23.202,6
23.416,6
23.762,6
24.146,7
24.89,7
25.408,7
26.158,7
26.634,7
27.414,7
28.214,7
29.55,7
30.23,7
31.318,7
32.768,7
33.924,7
33.904,7
33.128,6
31.68,6
29.306,6
27.054,6
25.198,6
24.28,6
23.642,6
23.386,6
23.04,5
22.53,5
22.14,5
21.908,6
21.67,5
21.328,6
21.59,6
22.128,6
22.596,6
22.736,6
22.896,5
22.532,5
22.108,5
21.346,5
20.802,6
20.802,5
20.786,5
20.692,6
21.35,5
21.458,5
21.258,5
21.348,5
21.318,5
20.836,5
20.87,5
20.828,5
20.744,5
20.748,5
20.422,3
19.53,3
18.308,3
17.126,3
16.108,3
15.566,3
15.556,4
15.94,4
16.258,4
16.452,4
16.492,4
16.594,4
16.598,4
16.784,4
16.912,4
17.172,4
17.464,4
17.614,4
17.612,5
18.156,5
18.58,4
18.426,4
18.59,4
18.408,3
17.548,3
16.696,4
16.5,3
15.946,4
16.002,4
16.242,4
16.492,4
16.67,4
16.988,4
17.286,4
17.53,4
17.74,4
17.814,4
17.808,4
17.738,4
17.582,4
17.584,4
17.514,4
17.574,4
17.522,4
17.63,4
17.75,4
17.764,4
17.584,4
17.472,3
17.086,3
16.642,3
16.416,3
16.134,3
15.848,3
15.814,3
15.786,3
15.75,4
16.078,3
16.178,4
16.278,4
16.46,4
16.67,4
16.79,4
17.02,4
17.284,4
17.296,3
17.096,3
16.702,3
16.466,4
16.41,4
16.362,4
16.468,4
17.024,4
17.366,4
17.474,4
17.698,5
18.306,4
18.378,4
18.334,5
18.632,4
18.728,5
18.876,5
19.1,5
19.412,4
18.996,4
18.984,4
18.482,4
18.028,4
17.694,3
17.37,3
16.812,4
16.636,4
16.454,4
16.232,3
16.226,3
16.216,3
15.97,3
15.748,3
15.502,3
15.448,3
15.41,3
15.46,3
15.474,3
15.55,3
15.652,3
15.69,3
15.558,3
15.396,3
15.302,3
15.144,3
15.256,5
16.442,5
17.268,3
17.374,3
17.254,3
16.934,3
15.658,3
14.978,3
14.916,3
14.962,3
14.972,4
15.324,4
15.668,4
16.068,4
16.456,4
17.11,4
17.44,4
17.596,3
17.376,4
17.6,4
17.618,4
17.51,4
17.43,4
17.7,4
17.54,4
17.252,3
16.924,3
16.548,3
16.106,4
15.952,3
15.846,3
15.6,3
15.626,4
15.964,3
15.828,4
16.374,4
16.974,4
17.52,4
17.672,4
18.066,4
17.692,3
17.374,3
16.636,4
16.34,3
15.994,4
15.984,4
16.05,4
16.332,3
16.192,3
16.168,3
15.926,3
15.726,3
15.566,3
15.538,3
15.508,4
15.688,4
15.874,4
16.076,3
16.174,3
16.14,3
15.848,2
15.36,2
14.856,2
14.454,5
15.604,4
16.282,5
17.542,5
18.832,5
19.862,5
19.866,6
20.594,5
20.486,5
20.374,5
20.604,5
20.4,5
19.956,5
19.904,5
19.974,5
19.73,5
19.642,5
19.68,5
19.886,5
19.664,4
19.432,4
19.008,4
18.654,4
18.096,4
17.872,4
17.826,4
17.624,3
17.134,3
16.666,3
16.214,4
16.21,5
16.75,5
17.406,5
18.068,5
18.72,5
19.04,5
18.922,5
18.924,4
18.864,4
18.674,4
18.23,4
17.964,4
17.7,4
17.274,4
16.956,4
17.138,4
17.01,4
16.774,4
16.758,4
16.808,4
16.758,4
16.932,4
17.138,4
17.37,4
17.676,4
17.734,4
17.854,5
18.114,4
18.336,4
18.408,4
18.356,4
18.186,4
17.918,4
17.622,4
17.554,4
17.446,4
17.316,4
17.2,4
17.22,4
16.846,4
16.742,4
16.7,4
16.662,4
16.612,4
16.794,4
17.044,4
17.436,5
18.05,5
18.61,5
18.894,5
19.274,5
19.524,4
19.244,4
19,4
18.622,4
18.002,4
17.362,4
17.056,4
16.71,4
16.616,3
16.516,4
16.47,3
16.31,3
16.158,3
16.13,4
16.188,4
16.342,4
16.482,4
16.632,5
17.158,5
17.892,4
18.058,4
18.084,4
18.138,3
17.572,3
16.572,3
15.964,3
15.78,4
15.688,3
15.684,3
15.82,3
15.992,4
16.104,4
16.046,3
16.044,3
15.984,4
16.164,4
16.25,4
16.334,4
16.506,4
16.708,3
16.516,3
16.166,3
15.97,3
15.646,3
15.436,3
15.27,3
15.16,2
14.738,2
14.424,2
14.11,2
13.892,3
13.952,2
14.036,2
14.066,2
14.054,3
14.194,3
14.124,3
14.196,2
14.174,3
14.332,3
14.484,3
14.764,4
15.218,4
15.744,3
15.804,3
15.718,3
15.568,4
15.86,4
16.242,4
16.514,4
16.894,3
16.756,3
16.02,3
15.26,3
14.932,2
14.242,2
14.006,2
13.794,2
13.69,3
13.73,3
14.254,3
14.69,3
14.942,2
14.906,2
14.734,2
14.268,2
13.666,1
13.2,2
12.98,2
12.71,2
12.53,2
12.74,2
12.952,2
13.106,2
13.354,2
13.444,2
13.418,2
13.452,2
13.412,2
13.398,2
13.504,2
13.58,3
13.726,2
13.88,3
14.016,3
14.318,3
14.53,3
14.752,3
14.896,3
14.916,2
14.666,3
14.56,3
14.388,3
14.458,3
14.774,3
15.13,3
15.16,2
14.996,2
14.622,2
14.1,2
13.656,2
13.302,2
13.146,2
13.114,2
13.128,2
13.12,2
13.158,2
13.076,2
13.08,2
13.076,3
13.348,3
13.626,2
13.88,2
13.97,2
14.02,2
13.842,2
13.668,3
13.88,3
14.228,3
14.446,3
14.536,4
15.11,4
15.708,5
16.672,5
17.668,5
19.016,5
19.606,5
20.15,5
20.046,4
19.636,4
19.116,4
18.686,4
17.986,4
17.55,4
17.344,4
16.984,3
16.73,4
16.62,4
16.422,4
16.296,3
16.162,3
16.088,3
16.026,4
16.096,4
16.314,4
16.38,3
16.362,3
16.07,3
15.582,3
14.99,2
14.532,3
14.33,3
14.314,3
14.44,3
14.568,3
14.68,3
14.672,2
14.484,2
14.192,2
13.722,2
13.312,2
12.962,2
12.83,2
12.71,2
12.69,1
12.596,1
12.442,1
12.24,1
12.026,2
12.03,2
12.174,2
12.28,2
12.412,2
12.548,2
12.548,1
12.426,1
12.29,1
12.088,1
11.956,1
11.742,1
11.628,1
11.74,1
11.868,2
12.038,2
12.25,2
12.608,2
12.834,2
13.05,3
13.474,2
13.714,2
13.614,2
13.5,2
13.31,1
12.764,1
12.324,1
12.05,1
11.906,1
11.852,1
11.792,1
11.738,1
11.716,1
11.594,1
11.566,1
11.636,2
11.86,1
12.05,1
12.21,1
12.232,1
12.282,2
12.378,2
12.556,2
12.802,2
13.064,2
13.144,2
13.04,3
13.548,3
14.032,3
14.458,3
14.924,3
15.388,3
15.244,3
15.008,2
14.648,2
14.276,2
14.056,2
13.546,2
13.228,2
13.164,3
13.348,3
13.872,3
14.208,2
14.364,3
14.528,3
14.844,3
14.548,3
14.616,3
14.74,3
14.722,2
14.236,2
14.02,2
13.722,2
13.304,1
12.886,1
12.682,2
12.476,1
12.318,2
12.336,2
12.524,3
12.982,3
13.28,3
13.682,2
13.904,2
13.866,1
13.352,1
12.868,1
12.372,1
11.836,1
11.528,1
11.554,1
11.602,1
11.672,2
12.016,2
12.43,3
13.068,2
13.466,2
13.668,2
13.692,2
13.504,2
13.034,1
12.676,2
12.528,2
12.612,2
12.73,2
12.894,2
13.136,2
13.372,3
13.68,3
13.956,3
14.038,3
14.206,3
14.352,2
14.196,3
14.22,3
14.214,2
14.184,2
13.902,2
13.726,2
13.518,2
13.432,2
13.32,2
13.452,2
13.404,3
13.524,3
13.738,2
13.834,2
13.788,2
13.758,1
13.41,1
12.86,1
12.442,1
12.112,1
12.018,1
12.002,1
11.934,1
11.968,1
12.086,1
11.888,1
11.66,1
11.588,1
11.432,1
11.284,1
11.3,2
11.852,2
12.204,1
12.4,1
12.258,1
12.162,1
11.592,1
11.138,1
10.81,1
10.842,1
10.964,1
10.97,1
11.208,1
11.426,1
11.498,1
11.47,1
11.528,1
11.408,1
11.32,1
11.402,1
11.432,1
11.462,1
11.53,1
11.686,1
11.806,2
11.99,1
12.154,1
12.226,2
12.296,1
12.268,1
12.192,1
12.048,1
11.938,1
11.788,1
11.674,1
11.702,1
11.744,1
11.86,1
11.962,1
12.02,1
11.938,1
11.948,1
11.824,1
11.77,1
11.62,2
11.852,2
12.13,2
12.368,1
12.334,1
12.534,2
12.584,2
12.476,2
12.614,2
12.952,3
13.44,4
14.27,2
14.48,2
14.48,2
14.296,2
13.874,1
12.852,2
12.628,2
12.554,1
12.426,2
12.498,2
12.654,2
12.664,2
12.694,1
12.736,1
12.618,2
12.506,1
12.246,1
11.818,1
11.584,1
11.398,1
11.238,1
11.226,1
11.266,1
11.388,1
11.488,1
11.532,1
11.67,1
11.806,1
11.802,1
11.792,1
11.774,2
12.024,3
12.584,3
13.286,3
13.792,2
14.232,2
14.324,2
14.164,2
13.836,3
13.866,3
14.1,3
14.47,3
14.624,3
14.964,3
15.252,3
15.084,2
14.672,2
14.496,3
14.314,2
13.886,2
13.798,2
13.798,2
13.582,2
13.326,2
13.056,2
12.782,2
12.566,2
12.548,1
12.176,1
11.92,1
11.634,1
11.328,1
11.024,1
10.978,1
10.768,1
10.424,1
10.14,1
9.864,1
9.678,1
9.754,1
10.03,1
10.466,2
11.04,1
11.458,1
11.554,1
11.67,1
11.53,1
11.164,1
11.04,1
11.182,1
11.344,1
11.382,1
11.61,1
11.678,1
11.7,1
11.516,1
11.504,1
11.448,1
11.398,1
11.28,1
11.108,1
10.878,1
10.684,1
10.538,1
10.426,1
10.516,3
11.578,2
12.244,2
12.846,2
13.384,3
14.082,3
13.924,3
13.988,2
13.936,2
13.902,2
13.812,3
13.86,2
13.708,2
13.81,3
14.376,3
14.578,3
14.612,3
15.074,3
15.508,4
15.588,3
15.828,3
15.706,4
15.786,3
15.452,4
15.49,3
15.264,4
15.734,3
15.444,3
15.464,2
14.706,2
14.396,3
13.942,2
13.664,1
13.224,2
13.358,2
13.428,3
13.54,4
14.16,4
15.416,5
16.82,6
18.86,4
19.506,4
19.684,4
19.362,4
18.656,4
17.204,4
16.862,4
16.79,4
16.648,3
16.46,4
16.582,4
16.684,4
16.682,3
16.414,3
16.206,3
15.614,2
14.988,3
14.488,2
14.256,3
14.09,2
14,3
14.098,3
14.108,3
14.37,3
14.78,3
15.056,3
15.308,3
15.488,3
15.38,3
15.082,3
14.86,2
14.26,1
13.634,2
13.284,2
13.048,2
12.778,2
12.754,2
12.788,2
12.728,2
12.636,2
12.634,2
12.694,1
12.632,2
12.74,2
12.744,2
12.864,2
12.96,2
13.06,1
12.838,1
12.548,1
12.188,1
11.79,1
11.714,2
12.122,3
12.742,2
13.242,3
13.822,4
14.704,3
15.018,3
15.086,3
15.166,3
15.336,3
14.864,3
14.742,3
14.674,2
14.592,2
14.25,2
14.144,2
13.84,2
13.384,1
12.91,1
12.514,1
12.036,1
11.686,1
11.542,1
11.544,1
11.532,1
11.536,1
11.538,1
11.584,1
11.66,1
11.642,1
11.584,1
11.506,1
11.39,1
11.42,2
11.662,2
11.91,2
12.164,1
12.276,1
12.266,1
12.016,1
11.946,1
11.716,1
11.642,1
11.63,2
11.978,2
12.09,1
12.162,1
12.168,1
12.158,1
12.03,1
11.87,1
11.766,1
11.846,1
11.814,1
11.656,1
11.63,1
11.746,1
11.724,2
11.976,2
12.498,2
12.914,2
13.17,1
13.174,2
13.11,2
12.92,3
13.056,3
13.336,2
13.738,3
14.084,3
14.384,3
14.32,2
14.072,2
14.088,3
14.038,3
14.214,4
14.72,3
15.254,4
15.708,3
15.836,3
15.692,2
15.07,3
14.788,3
14.52,2
14.2,3
14.208,3
14.416,3
14.54,3
14.758,3
15.276,4
15.718,3
16.026,3
16.14,3
16.076,3
15.806,3
15.324,3
15.066,3
14.994,3
14.976,4
15.414,4
15.976,4
16.268,4
16.484,3
16.568,4
16.518,4
16.38,4
16.452,3
16.28,3
16.262,3
16.162,3
16.052,4
16.168,4
16.738,4
17.044,4
17.21,3
17.214,3
16.956,4
16.612,4
16.434,3
16.288,3
16.268,4
16.334,4
16.626,3
16.524,3
16.396,3
16.082,2
15.432,2
14.376,2
13.726,2
13.238,2
12.938,1
12.742,2
12.652,1
12.458,1
12.268,2
12.234,2
12.396,2
12.552,3
13.038,2
13.33,2
13.468,2
13.522,2
13.548,2
13.202,1
12.926,2
12.792,1
12.386,1
11.948,1
11.802,1
11.686,1
11.492,1
11.702,2
12.032,1
12.062,1
12.04,1
11.918,1
11.738,1
11.632,1
11.636,1
11.69,1
11.666,1
11.612,1
11.404,1
11.246,1
11.184,1
11.284,1
11.344,1
11.382,1
11.434,1
11.454,1
11.45,1
11.536,1
11.664,1
11.656,1
11.582,1
11.428,2
11.588,1
11.528,1
11.58,1
11.754,1
11.876,1
11.808,3
12.302,2
12.716,2
12.984,2
13.17,1
13.166,1
12.742,2
12.482,1
12.2,1
12.084,1
11.922,1
11.808,1
11.582,1
11.478,1
11.356,1
11.454,1
11.414,2
11.658,2
11.896,2
12.332,2
12.666,2
12.924,2
13.014,2
13.052,2
12.948,2
12.806,2
12.828,1
12.644,1
12.378,1
12.274,2
12.308,2
12.38,1
12.392,1
12.468,1
12.386,2
12.276,1
12.114,1
12.08,1
12.058,1
12.102,1
11.996,1
11.878,2
12.02,1
12.082,1
12.098,2
12.272,2
12.55,2
12.618,1
12.574,2
12.606,1
12.496,2
12.352,2
12.382,2
12.576,1
12.436,1
12.306,1
12.086,1
11.786,1
11.664,2
11.832,2
12.092,1
12.282,2
12.552,2
12.802,2
12.898,2
12.896,2
13.032,2
12.988,1
12.68,1
12.338,1
12.028,1
11.696,1
11.294,1
11.154,1
11.128,1
11.134,1
11.176,1
11.25,1
11.368,2
11.61,1
11.694,1
11.724,1
11.776,1
11.73,1
11.676,1
11.632,1
11.668,1
11.83,1
11.966,1
12.008,2
12.216,1
12.278,1
12.292,2
12.378,2
12.614,2
12.658,2
12.716,2
12.774,2
12.792,2
12.73,2
12.81,2
12.972,2
13.16,2
13.318,2
13.414,2
13.534,2
13.54,2
13.462,2
13.362,2
13.18,2
13.024,2
12.962,2
12.99,2
12.848,2
12.788,1
12.614,1
12.44,2
12.476,2
12.526,2
12.67,2
12.832,1
12.892,2
12.704,2
12.714,1
12.486,1
12.202,1
11.994,1
11.828,1
11.628,1
11.592,1
11.52,1
11.564,1
11.526,1
11.466,1
11.316,1
11.4,2
11.566,2
11.808,2
12.008,2
12.288,2
12.464,2
12.64,2
12.686,2
12.796,2
12.788,2
12.844,2
12.99,3
13.31,3
13.702,3
14.358,2
14.606,3
14.786,3
14.88,3
14.822,3
14.522,2
14.46,3
14.414,2
14.226,2
14.122,2
13.984,2
13.942,3
13.852,2
13.816,3
13.904,3
14.312,3
14.546,3
14.564,2
14.56,2
14.344,2
13.864,1
13.39,2
13.086,2
12.93,1
12.68,2
12.534,2
12.676,2
12.768,2
12.834,2
12.992,2
13.014,2
12.918,2
12.752,1
12.424,1
12.196,1
12.056,2
12.044,1
11.884,1
11.866,1
11.82,1
11.668,1
11.314,1
11.33,2
11.54,2
11.772,1
11.774,1
11.854,1
11.65,1
11.182,1
10.848,1
10.912,3
11.61,2
12.116,1
12.484,1
12.424,1
12.438,1
11.826,1
11.59,1
11.6,2
11.95,1
12.086,1
12.208,2
12.568,2
12.834,2
12.952,3
13.556,4
14.416,3
14.598,3
14.728,3
15.104,3
14.88,3
14.45,2
14.228,2
13.922,2
13.592,2
13.486,2
13.144,2
13.016,1
12.876,1
12.646,2
12.418,2
12.416,2
12.358,2
12.604,2
12.858,3
13.292,3
13.608,2
13.856,3
14.136,3
14.382,3
14.452,3
14.748,3
15.196,3
15.344,4
15.766,3
15.672,3
15.466,3
15.196,4
15.398,4
15.364,4
15.814,4
16.31,4
16.698,4
16.756,3
16.65,4
16.618,4
16.508,5
17.304,5
17.85,5
18.448,4
18.762,4
18.85,4
18.018,4
17.6,4
17.452,4
17.558,4
17.72,4
17.822,4
17.928,4
17.818,4
17.664,4
17.748,5
18.114,4
18.126,4
17.856,4
17.544,3
17.148,5
17.116,4
17,5
17.754,5
18.418,4
18.658,4
18.28,4
18.106,4
17.476,4
16.828,3
16.376,3
16.086,3
15.798,3
15.366,3
15.028,3
14.954,3
14.968,3
15.132,3
15.364,4
16.144,4
16.534,4
16.828,4
17.036,3
16.978,4
16.652,3
16.434,3
16.082,3
15.688,3
15.65,3
15.394,3
15.298,3
15.426,3
15.646,3
15.628,3
15.72,3
15.802,4
16.026,4
16.256,3
16.36,3
16.34,4
16.604,3
16.456,3
16.234,4
16.398,3
16.404,4
16.388,4
16.488,4
16.68,4
16.736,4
17.244,4
17.38,4
17.534,4
17.642,4
17.612,3
17.044,3
16.734,3
16.33,3
15.868,3
15.312,2
14.888,2
14.462,3
14.214,3
14.01,3
14.39,4
14.938,3
15.28,3
15.544,4
16.264,4
16.464,5
17.202,5
18.124,5
18.866,4
18.89,4
18.924,5
18.984,5
19.274,5
19.718,5
20.01,4
20.048,5
19.984,5
19.78,5
19.384,5
19.258,3
19.006,4
18.46,4
17.74,4
17.096,3
16.552,3
16.468,3
16.11,4
16.006,3
15.95,3
15.834,3
15.642,3
15.582,3
15.246,3
14.958,2
14.608,3
14.482,3
14.504,3
14.58,3
14.696,3
15.198,4
15.764,4
16.382,4
17.088,5
18.17,4
18.346,4
18.216,4
17.772,3
17.256,3
16.348,3
15.968,3
15.782,3
15.68,3
15.64,3
15.652,3
15.742,4
15.948,4
16.09,3
16.162,3
16.178,3
16.268,4
16.366,4
16.486,4
16.598,4
16.73,3
16.47,3
16.102,3
15.808,3
15.67,4
15.568,3
15.622,3
15.626,3
15.676,3
15.578,3
15.408,3
15.41,3
15.58,4
15.694,4
15.864,4
16.16,4
16.602,4
17.074,4
17.45,4
17.856,4
18.1,4
18.22,4
18.16,4
18.034,4
17.732,4
17.552,3
17.13,2
16.33,3
15.872,3
15.456,2
14.772,3
14.488,3
14.704,3
14.678,3
14.888,3
15.284,3
15.396,3
15.554,4
15.902,4
16.106,4
16.38,4
16.982,5
17.536,4
17.728,4
17.964,5
18.3,4
18.264,4
18.104,5
18.454,5
18.916,5
19.37,6
20.218,5
20.796,5
20.744,5
20.408,5
19.96,5
19.462,5
19.044,4
18.878,5
18.95,5
19.082,5
19.366,5
19.858,5
19.966,5
20.118,5
20.086,5
19.95,5
19.904,5
20.004,5
19.994,5
19.978,5
19.81,5
19.55,4
19.35,4
19.102,4
18.81,4
18.348,4
18.12,5
18.26,5
18.572,5
19.158,5
19.786,5
19.986,5
20.036,5
19.89,5
19.954,5
19.94,5
19.826,5
20.04,5
20.148,5
19.832,5
19.646,5
19.702,5
19.512,5
19.64,5
20.026,5
20.29,5
20.422,5
20.478,5
20.504,5
20.438,5
20.548,5
20.758,5
20.886,5
20.636,5
20.516,5
20.16,5
19.782,5
19.508,5
19.532,5
19.394,5
19.492,5
19.882,5
20.284,6
20.71,5
20.996,5
20.972,5
20.794,5
20.394,4
19.71,5
19.566,6
20.056,5
20.212,5
20.62,5
21.194,5
20.94,4
20.214,4
19.734,4
19.186,5
18.75,5
18.856,5
18.972,4
18.934,4
18.75,5
18.69,5
18.488,5
18.69,5
18.944,5
19.512,5
19.936,5
20.416,5
20.664,5
20.722,5
20.638,5
20.446,4
19.718,5
19.476,5
19.684,5
19.94,5
20.218,5
20.738,5
20.762,5
20.754,5
20.704,5
20.434,5
20.726,5
20.972,5
20.662,5
20.3,5
20.072,4
19.374,5
18.95,5
18.954,5
18.902,5
18.986,5
19.54,5
19.67,5
19.834,5
20.102,5
20.052,5
19.774,5
19.58,5
19.33,4
18.96,5
19.026,5
19.088,5
19.314,5
19.634,5
19.952,5
20.138,5
20.422,5
20.536,5
20.746,6
21.09,5
21.294,5
21.362,5
21.414,5
21.054,4
20.254,5
19.836,5
19.282,5
19.162,5
19.206,5
19.454,5
19.544,5
19.592,5
19.384,5
19.508,6
20.152,6
20.938,6
21.492,5
21.88,5
21.964,5
21.672,6
21.338,6
21.388,5
21.406,5
21.51,6
21.804,6
21.824,5
21.548,5
21.28,5
20.938,6
20.972,6
21.138,6
21.76,6
22.654,6
23.322,6
23.72,6
24.04,6
23.818,5
23.132,6
23.276,6
23.334,6
23.28,6
23.698,6
24.332,6
24.468,6
24.472,6
24.558,6
24.602,6
24.804,6
24.764,6
24.692,6
24.564,6
24.502,7
24.646,6
24.818,6
25.086,6
25.062,6
24.954,6
24.452,6
23.966,6
23.234,6
22.88,6
22.588,6
22.484,6
22.388,6
22.418,6
22.6,6
22.536,6
22.398,5
22.254,5
22.13,5
21.606,5
21.296,6
21.304,5
20.946,5
20.676,5
20.616,5
20.472,5
20.116,6
20.504,5
20.596,5
20.504,5
20.466,6
20.958,6
21.254,7
23.334,7
25.672,7
28.45,7
31.492,7
33.876,7
34.07,7
34.274,7
33.96,7
32.834,7
33.07,7
33.978,7
34.806,7
35.938,7
36.752,7
36.23,7
35.22,7
34.254,7
32.672,7
30.808,7
29.406,7
29.05,7
28.53,7
28.03,7
27.768,6
27.57,6
26.394,6
25.372,6
24.416,6
23.858,6
23.398,6
23.524,7
24.282,7
25.336,7
26.166,7
26.716,7
27.072,7
26.984,7
27.236,7
27.474,7
28.224,7
29.012,7
29.428,7
28.95,6
28.114,6
26.944,6
25.574,6
24.592,6
24.366,6
24.504,7
24.904,7
25.958,7
26.69,6
26.592,6
26.328,6
25.816,5
24.408,5
23.134,6
22.606,6
22.488,6
22.462,6
22.926,6
23.05,6
22.956,5
22.654,5
22.284,5
21.762,5
21.442,5
21.14,5
21.068,5
20.876,5
20.914,5
20.912,5
20.878,5
20.566,5
20.432,5
20.274,5
20.074,5
19.974,5
19.828,5
19.658,5
19.376,4
19.168,4
18.918,4
18.828,5
18.868,5
18.806,5
18.998,5
19.458,5
19.576,5
19.784,5
19.862,5
19.724,4
19.188,5
19.102,4
18.758,4
18.604,4
18.484,4
18.386,5
18.382,5
18.676,5
19.046,6
19.896,6
20.906,6
21.862,6
22.798,6
23.54,6
23.706,6
23.54,6
23.21,6
22.772,6
22.66,6
22.62,5
22.526,6
22.716,5
22.544,5
21.99,6
21.768,5
21.618,5
21.142,5
20.802,5
20.512,5
20.22,6
20.462,7
21.602,6
22.454,6
23.122,5
23.238,5
22.712,5
21.558,5
21.016,6
21.018,6
21.46,5
21.706,5
21.852,5
21.756,5
21.286,5
20.536,5
20.51,6
20.638,5
20.52,5
20.41,5
20.358,5
20.068,6
20.144,6
20.584,5
20.754,5
21.142,6
21.91,6
21.896,6
21.948,5
22.044,5
21.736,5
21.286,5
20.99,5
20.716,6
21.186,6
21.786,7
22.858,6
23.714,6
23.996,6
23.762,6
23.59,6
22.79,5
21.864,5
21.29,5
20.86,5
20.348,5
19.874,5
19.782,4
19.378,4
18.862,4
18.716,4
18.526,4
18.148,4
18.18,4
18.23,4
18.156,4
18.008,4
18.022,4
17.784,4
17.446,4
17.262,5
17.706,5
18.192,6
19.4,6
20.756,6
21.914,6
22.944,6
23.838,6
23.768,6
24.126,7
24.696,7
25.858,7
26.866,7
27.974,7
28.418,7
28.972,7
29.142,7
28.886,7
29.23,7
30.694,7
31.316,7
30.614,7
30.642,7
30.658,7
30.418,7
30.406,7
30.792,7
31.282,7
32.992,7
34.284,7
36.78,7
38.01,7
39.134,7
39.71,7
40.452,7
39.176,7
39.812,7
41.518,7
41.98,7
41.032,7
40.768,7
40.024,7
38.812,7
37.79,7
37.792,7
37.8,7
37.106,7
36.192,7
35.376,7
34.634,7
34.526,7
36.222,7
37.986,7
39.17,7
40.758,7
41.782,7
42.294,7
42.746,7
43.092,7
42.544,7
42.35,7
41.44,7
38.96,7
37.484,7
36.096,7
34.672,7
33.522,7
33.16,7
32.65,7
32.5,7
32.468,7
32.31,7
31.904,7
31.06,7
30.036,7
28.998,7
27.988,7
27.29,6
26.82,7
26.986,7
27.068,7
27.288,7
27.942,7
28.608,7
28.77,7
28.726,7
28.458,6
27.702,6
26.39,6
24.978,6
24.044,6
23.048,6
22.366,7
23.074,6
23.7,6
24.13,7
25.44,6
26.084,6
25.862,6
25.984,6
26.03,7
25.652,7
26.134,7
27.416,7
28.184,7
29.044,7
29.274,6
28.738,6
27.248,6
25.92,5
23.97,5
22.674,6
22.366,6
22.03,6
22.142,6
22.984,7
23.922,6
24.114,6
24.346,6
24.552,6
24.324,6
24.182,7
24.91,7
26.264,7
27.986,7
29.178,7
29.934,7
30.034,7
30.196,7
29.99,7
30.368,7
30.366,7
30.592,7
30.03,7
28.89,7
28.198,7
27.984,7
27.614,7
27.888,7
28.572,7
29.092,7
29.732,7
30.246,7
29.834,7
29.852,7
29.728,7
29.586,7
29.586,7
29.962,7
29.184,7
28.552,7
27.864,7
27.376,7
27.092,7
27.592,7
28.138,7
28.504,7
28.236,6
27.476,6
26.71,6
25.87,6
25.02,6
24.56,6
24.712,6
24.852,6
24.878,6
25.034,6
24.986,6
24.882,6
24.834,7
25.258,7
25.464,6
25.504,6
25.448,6
25.156,6
24.248,6
23.58,6
23.126,6
22.756,6
22.578,6
22.594,6
22.46,6
22.402,6
22.35,6
22.366,6
22.792,6
23.06,6
23.486,7
24.384,6
24.842,6
24.516,6
24.254,6
24.026,6
23.448,6
23.116,6
23.334,6
23.822,6
24.284,6
24.408,6
24.86,6
25.018,7
25.494,6
25.552,7
26.046,6
26.046,7
26.234,6
25.75,7
26.05,7
26.182,7
26.51,6
26.3,6
26.188,6
25.696,7
25.764,7
26.092,7
26.59,7
27.322,6
27.52,7
27.32,7
26.782,7
26.508,6
25.57,6
25.248,6
24.728,6
24.266,6
24.09,7
24.584,7
25.13,7
25.508,6
25.208,6
24.534,6
23.704,6
22.764,6
21.922,5
21.706,6
21.928,6
21.93,6
22.094,6
22.256,5
22.21,5
21.536,4
20.916,5
20.536,5
20.104,5
19.934,4
19.588,5
19.802,5
19.646,5
19.518,5
19.206,4
19.098,5
18.966,6
19.334,5
19.684,6
20.558,6
21.738,6
22.92,6
23.208,6
23.486,6
23.78,6
24.044,6
24.166,7
24.774,7
25.684,7
26.182,7
26.574,7
26.988,7
27.424,6
27.022,6
26.626,6
25.768,6
24.85,6
23.494,6
23.076,6
22.948,6
23.076,6
22.972,6
23.118,5
22.65,5
22.014,6
21.79,6
22.206,6
22.616,6
23.01,6
23.674,5
23.504,6
23.266,6
23.14,6
23.156,6
22.656,6
23.038,6
23.104,6
23.252,6
23.7,6
23.954,6
24.182,6
24.558,6
24.684,7
25.202,7
26.1,7
26.574,7
26.656,7
26.916,6
26.43,6
25.858,6
25.47,6
25.216,6
24.33,6
23.964,5
23.076,5
22.31,6
21.92,7
22.7,7
23.194,7
24.846,7
26.358,7
27.102,6
26.69,6
26.284,5
24.862,6
23.944,6
23.484,6
23.544,5
23.008,6
23.12,6
22.818,6
22.586,6
22.378,6
22.71,5
22.602,6
22.558,6
22.478,6
22.298,6
22.112,5
22.11,6
22.284,5
21.89,5
21.63,5
21.168,5
20.66,5
20.108,5
20.162,5
20.022,6
20.536,6
21.428,6
22.268,6
22.514,6
22.816,5
22.214,5
21.616,5
20.998,5
20.802,5
20.686,5
21.118,6
21.346,6
21.74,6
21.896,6
22.04,5
22.014,6
22.426,6
22.346,6
22.426,5
22.268,6
22.612,6
22.45,6
22.536,6
23.002,6
23.706,6
23.934,7
24.742,7
25.406,6
25.6,6
25.016,6
24.516,6
23.614,6
22.9,6
22.096,5
21.684,5
21.642,6
21.486,6
21.268,5
21.09,6
21.972,6
22.276,6
22.538,6
22.896,7
23.96,6
24.136,6
24.222,6
24.24,6
23.934,5
23.014,6
22.582,5
22.142,6
22.098,6
22.31,6
22.886,6
23.204,6
23.538,6
23.66,6
23.68,7
23.996,7
24.292,6
24.486,6
24.66,6
25.066,6
24.802,6
24.304,5
23.854,5
23.19,5
21.992,5
21.356,6
21.544,6
21.98,6
22.21,5
22.616,6
22.886,6
22.906,6
22.61,5
22.322,6
22.548,6
22.57,6
22.028,5
21.858,6
22.156,6
22.344,6
22.658,6
23.29,6
23.812,6
24.454,6
24.614,6
24.514,7
24.966,7
25.828,7
26.164,6
26.22,7
26.612,7
26.638,7
26.752,7
27.202,7
29.022,7
29.614,7
29.388,7
28.996,7
28.286,7
27.062,6
26.32,7
26.49,7
26.324,7
26.394,7
26.096,7
26.748,7
27.68,7
28.596,7
28.862,7
29.326,7
29.412,7
29.06,7
28.458,7
28.162,6
27.494,6
26.576,6
25.398,6
24.638,6
24.516,7
24.744,7
25.05,6
25.118,6
25.242,6
25.048,6
24.572,6
24.128,6
23.736,5
23.116,6
22.764,6
22.65,6
22.416,6
22.498,6
22.63,6
22.552,6
22.276,5
22.076,5
21.658,5
21.33,5
20.992,5
20.834,5
20.66,6
20.924,6
21.292,6
21.656,6
21.84,5
21.776,5
21.316,5
20.756,5
20.232,5
20.104,5
20.234,5
20.138,5
20.296,5
20.352,5
20.126,5
19.944,5
19.964,5
19.788,5
19.716,5
19.64,5
19.422,5
19.346,5
19.44,5
19.368,5
19.372,5
19.504,5
19.884,5
20.048,5
20.28,5
20.346,5
20.424,4
19.98,5
19.638,5
19.286,5
19.122,5
18.962,4
18.948,4
18.718,4
18.556,4
18.324,4
17.982,4
17.682,4
17.576,4
17.474,4
17.346,4
17.258,4
17.154,4
16.992,4
16.876,4
16.938,4
16.898,4
17.098,5
17.754,5
18.534,5
18.88,4
19.204,4
19.378,4
19.132,4
18.638,4
18.406,4
18.418,5
18.788,5
18.978,5
19.3,5
19.684,5
20.128,5
20.36,6
20.828,6
21.176,5
21.034,5
21,5
20.964,6
20.958,5
20.932,5
21.244,6
21.672,6
22.23,6
22.832,7
23.838,7
25.734,7
26.712,7
27.266,7
27.862,7
28.292,6
27.208,6
26.536,6
26.116,6
25.404,7
24.99,7
25.696,7
26.142,6
26.296,6
26.166,6
25.692,6
24.752,6
24.192,6
24.004,6
24.26,6
24.536,7
25.192,7
26.164,7
27.072,7
27.452,7
27.55,6
27.12,6
26.376,7
26.05,7
26.012,7
26.324,7
26.514,7
26.938,7
26.98,7
27.154,7
27.542,7
27.838,7
28.008,6
27.478,6
26.994,6
26.132,6
25.118,6
24.264,6
24.242,6
23.954,6
23.858,7
24.686,7
25.524,7
25.982,7
27.604,7
28.564,7
28.764,7
28.97,7
29.164,7
28.13,7
27.568,7
28.056,7
27.63,7
27.396,7
27.816,7
28.414,7
28.014,7
28.054,7
27.818,6
26.996,6
26.084,6
25.472,6
24.786,6
24.276,6
24.014,5
23.272,6
22.692,6
22.546,6
22.412,6
22.284,6
22.484,6
22.482,5
22.286,6
22.162,6
22.078,6
21.96,6
21.89,5
21.85,6
21.866,6
21.812,5
21.69,5
21.66,5
21.422,6
21.44,6
21.994,7
22.87,7
23.918,7
25.306,6
25.968,7
26.328,7
26.848,7
27.112,7
27.156,7
27.494,7
27.374,6
26.528,6
25.77,6
25.408,7
26.048,7
26.38,7
27.478,7
28.332,7
29.19,7
29.082,7
29.764,7
30.228,7
31.084,7
31.192,7
31.044,7
30.26,7
29.59,7
28.856,7
28.494,7
28.928,7
30.464,7
31.562,7
31.716,7
32.326,7
32.466,7
31.41,7
30.288,7
29.524,7
28.452,6
27.192,6
26.13,6
25.27,6
25.122,7
25.488,7
26.064,7
26.718,7
27.078,6
26.806,6
26.27,6
25.412,6
24.778,7
24.742,6
24.72,6
24.596,6
24.644,6
24.668,6
24.312,6
24.238,6
24.118,6
23.972,6
23.48,5
22.974,5
22.512,5
21.812,5
21.34,6
21.378,5
21.198,5
21.072,6
21.348,6
21.63,6
21.742,5
21.946,5
22.102,5
21.59,5
21.116,5
20.522,5
20.188,5
20.052,5
20.276,5
20.488,6
21.178,6
21.756,6
22.25,6
22.578,6
22.63,5
21.882,5
21.324,5
20.824,5
20.596,5
20.43,5
20.556,5
20.364,5
19.982,5
19.526,5
19.368,5
19.692,6
20.376,6
21.274,6
22.292,6
22.692,5
22.594,6
22.68,6
22.552,6
22.47,6
22.554,6
22.794,6
22.96,6
23.486,6
23.566,6
23.666,6
23.598,6
23.388,5
22.664,5
21.976,5
21.392,5
20.97,6
20.81,5
20.688,6
21.04,6
21.372,5
21.504,5
21.21,5
21.104,5
20.822,5
20.78,6
21.438,6
21.928,6
22.712,6
23.018,6
23.156,5
22.33,5
21.868,6
21.388,6
21.506,6
22.142,6
23.184,7
24.242,7
25.112,7
26.228,7
27.344,7
28.728,7
31.91,7
34.414,7
36.804,7
39.354,7
41.518,7
40.716,7
40.104,7
39.044,7
37.096,7
34.95,7
33.864,7
32.938,7
32.154,7
31.748,7
32.04,7
32.6,7
33.33,7
33.382,7
33.288,7
33.664,7
33.702,7
33.312,7
34.008,7
34.698,7
34.466,7
33.854,7
33.678,7
32.852,7
31.754,7
30.616,7
30.494,7
30.786,7
31.308,7
31.878,7
32.336,7
32.108,7
31.176,7
30.29,7
29.552,7
28.898,7
28.668,7
28.202,7
27.688,6
27.076,6
26.602,6
25.624,6
25.154,6
24.68,6
24.218,6
23.962,6
23.87,7
24.226,6
24.424,6
24.542,7
24.938,6
24.954,6
24.378,6
24.084,6
24.014,6
23.984,6
24.228,6
24.598,7
25.038,6
25.266,6
24.994,6
24.592,6
24.134,6
23.686,6
23.26,6
22.932,6
22.732,5
22.534,5
22.08,6
22.34,6
22.358,5
22.168,5
21.94,6
22.048,6
21.654,6
21.538,6
21.742,6
22.172,6
22.5,6
22.674,6
22.938,6
22.916,6
22.9,6
22.906,6
22.742,5
22.282,5
22.034,5
21.758,6
21.906,6
22.174,5
22.162,5
22.184,6
22.93,6
23.15,7
23.724,6
24.528,6
24.956,6
24.338,5
23.572,5
22.524,6
21.856,6
21.678,6
22.208,6
22.416,6
23.006,6
23.224,6
23.118,6
22.568,5
22.334,5
21.892,5
21.312,5
21.044,5
20.768,5
20.458,5
20.148,5
20.01,5
19.878,5
19.736,5
19.64,5
19.472,4
19.302,5
19.12,4
18.834,4
18.634,4
18.424,4
18.294,4
18.204,4
18.198,4
18.046,4
17.896,5
18.088,5
18.224,5
18.638,5
19.054,5
19.4,5
19.576,5
19.638,4
19.236,5
19.34,5
19.398,5
19.44,4
19.168,4
19.216,5
19.014,4
18.79,5
18.78,5
19.214,5
19.682,5
20.014,6
20.782,6
21.638,6
21.964,5
21.822,5
21.646,5
21.256,6
20.958,6
20.964,5
21.03,5
21.328,6
21.772,5
21.404,5
20.886,5
20.646,4
20.034,4
19.092,5
18.796,5
18.936,5
19.014,4
18.96,5
19.2,5
19.414,5
19.482,5
19.688,5
20.038,6
20.932,6
21.648,6
22.092,6
22.802,6
23.508,6
23.578,6
23.69,6
23.998,6
24.17,7
24.66,6
24.844,6
24.802,7
25.184,7
25.676,7
25.93,7
26.398,7
27.118,7
27.59,7
27.352,6
26.986,7
27.012,7
27.236,7
27.436,7
27.6,7
28.17,7
28.792,7
29.82,7
30.706,7
31.872,7
33.228,7
34.514,7
34.784,7
35.038,7
36.084,7
37.452,7
39.106,7
39.988,7
40.818,7
40.286,7
38.178,7
35.578,7
34.012,7
33.548,7
34.704,7
37.454,7
39.476,7
40.816,7
40.692,7
39.5,7
37.894,7
36.652,7
35.378,7
33.998,7
32.694,7
31.006,7
29.76,7
28.934,7
28.598,7
28.7,7
28.956,7
29.06,7
30.078,7
31.262,7
31.926,7
33.942,7
35.408,7
36.516,7
37.048,7
37.81,7
36.832,7
36.306,7
36.034,7
35.932,7
35.99,7
36.576,7
37.118,7
37.748,7
38.38,7
38.968,7
39.47,7
39.432,7
38.222,7
37.82,7
37.822,7
36.542,7
36.442,7
36.984,7
37.482,7
38.072,7
39.452,7
40.512,7
40.56,7
39.808,7
38.488,7
37.088,7
35.862,7
35.172,7
34.738,7
34.152,7
34.166,7
33.606,7
33.592,7
32.886,7
32.478,7
32.114,7
31.72,7
31.142,7
31.002,7
30.952,7
30.744,7
30.644,7
30.7,7
30.722,7
30.818,7
30.688,7
30.79,7
30.24,7
29.688,7
28.96,7
28.326,6
27.142,6
26.17,6
25.472,6
24.754,7
24.466,7
24.852,7
25.59,7
26.45,7
27.302,7
27.892,7
28.462,7
28.738,7
29.402,7
29.488,7
29.256,7
28.694,7
28.554,7
27.646,7
27.226,7
27.332,7
27.916,7
27.622,7
27.614,7
27.58,7
27.396,7
27.264,7
27.846,7
28.33,6
28.11,6
27.572,6
26.644,6
25.746,6
25.128,6
24.9,6
24.828,6
24.826,6
24.714,6
24.71,6
24.862,6
25.138,7
25.676,7
26.564,7
26.968,7
28.268,7
30.066,7
30.934,7
31.384,7
32.142,7
32.074,7
31.34,7
31.506,7
31.862,7
32.268,7
32.836,7
33.43,7
33.614,7
33.872,7
33.942,7
33.664,7
33.088,7
32.614,7
31.98,7
31.29,7
31.162,7
31.288,7
31.414,7
31.288,7
31.164,7
30.854,7
30.872,7
30.56,7
30.728,7
31.018,7
31.594,7
31.95,7
32.576,7
32.654,7
32.634,7
32.322,7
31.686,7
31.292,7
31.028,7
30.566,7
30.294,7
29.958,7
29.296,7
28.8,7
28.616,7
28.368,7
28.29,7
28.248,7
28.298,7
28.574,7
28.434,7
28.188,7
28.006,6
27.484,6
26.546,6
25.538,6
24.624,6
23.706,5
22.886,6
22.388,5
21.846,5
21.494,5
21.056,5
20.916,5
20.694,5
20.706,5
20.788,5
21.04,5
21.006,5
21.064,5
21.072,5
21.03,5
20.96,5
20.772,5
20.45,5
20.272,5
20.072,5
19.672,4
19.414,5
19.612,5
19.888,5
20.13,5
20.238,5
20.392,5
20.288,5
20.036,5
19.88,5
19.818,5
20.154,5
20.324,5
20.442,5
20.522,5
20.878,6
21.138,5
21.098,5
21.016,5
20.932,5
20.814,5
20.428,5
20.302,5
20.212,5
20.09,5
19.786,5
19.858,5
20.006,5
20.216,5
20.136,5
20.14,5
19.928,5
19.67,5
19.314,5
19.312,5
19.492,5
19.484,5
19.378,5
19.41,4
19.226,5
19.132,5
19.146,5
19.312,5
19.518,5
19.646,5
19.684,5
19.608,4
19.384,4
19.06,4
18.788,4
18.504,4
18.404,5
18.446,5
18.624,5
19.224,5
19.806,6
20.608,5
21.138,5
21.292,5
21.06,5
20.756,4
19.808,5
19.262,4
18.904,4
18.64,4
18.326,4
18.31,4
18.12,4
17.994,4
18.05,5
18.32,5
18.646,5
18.908,4
19.036,4
19.052,5
18.95,5
18.94,5
18.856,4
18.794,4
18.72,5
18.686,5
18.8,5
18.908,5
19.01,5
19.214,4
19.05,4
18.678,4
18.342,4
18.114,5
18.188,5
18.476,5
19.09,6
20.028,6
20.966,6
21.37,6
22.02,5
21.99,5
21.698,5
21.152,5
20.72,5
20.058,5
19.68,5
19.284,4
19.074,4
18.682,4
18.274,4
17.976,4
17.65,4
17.484,4
17.382,4
17.218,4
17.214,4
17.312,4
17.33,4
17.532,4
17.586,4
17.338,4
17.068,3
16.746,4
16.446,4
16.392,4
16.478,4
16.56,4
16.726,4
16.94,4
17.138,4
17.116,4
17.062,4
17.064,4
17.26,5
17.574,5
17.984,5
18.586,5
18.994,4
18.762,4
18.282,4
17.768,4
17.136,4
16.694,4
16.46,4
16.444,4
16.458,4
16.612,4
16.566,4
16.838,4
17.086,4
17.172,4
17.036,4
17.174,3
16.834,3
16.376,3
16.262,4
16.264,4
16.206,4
16.318,4
16.534,4
16.792,4
16.926,4
17.074,4
17.438,4
17.75,4
17.758,4
17.686,3
17.25,3
16.71,4
16.416,4
16.282,4
16.544,4
16.794,3
16.784,3
16.434,3
16.112,3
15.372,3
14.964,3
14.82,3
14.73,3
14.758,4
15.246,4
15.732,4
16.09,4
16.602,4
17,4
17.218,4
17.332,3
17.206,4
17.062,3
16.782,3
16.286,3
15.806,3
15.722,3
15.524,3
15.454,3
15.536,3
15.682,4
15.824,3
15.924,3
15.792,3
15.598,3
15.3,3
14.93,3
14.722,3
14.646,3
14.56,3
14.546,3
14.816,4
15.164,4
15.988,5
17.242,4
18.006,5
19.074,5
19.822,4
19.71,4
19.282,5
19.452,5
19.542,5
19.608,5
19.948,4
19.818,4
19.454,4
18.438,4
17.56,4
16.946,4
16.7,3
16.362,3
16.056,3
15.864,3
15.668,4
15.59,3
15.518,4
15.976,3
16.036,3
16.032,3
15.768,3
15.796,4
15.678,3
15.674,3
15.448,2
15.262,3
15.132,3
14.812,4
14.95,4
15.348,4
15.984,4
16.354,4
16.65,3
16.546,4
16.636,4
16.824,5
17.454,4
17.858,4
18.332,5
18.694,4
18.762,5
18.8,5
18.952,5
19.11,4
19.072,4
19.076,4
18.7,3
18.026,3
17.434,3
16.756,3
16.158,4
15.802,3
15.826,4
16.038,4
16.338,3
16.316,3
16.058,3
15.92,3
15.522,3
15.38,3
15.312,3
15.268,3
15.22,3
15.21,3
15.048,3
14.9,2
14.738,3
14.67,3
14.71,3
14.872,3
15.104,3
15.176,3
15.254,3
15.232,4
15.268,3
15.336,3
15.708,3
15.824,3
15.8,3
15.442,2
15.032,3
14.734,3
14.446,3
14.488,3
14.43,4
14.96,3
15.168,4
15.6,4
16.026,4
16.502,3
16.45,3
16.436,3
16.2,3
15.814,3
15.71,3
15.722,4
16.25,5
17.054,5
17.758,4
18.046,4
18.412,5
18.564,4
18.292,4
18.028,4
17.938,4
17.576,4
17.152,3
16.756,3
16.418,3
16.08,3
15.83,3
15.42,3
15.162,3
15.074,3
15.066,3
15.052,3
14.926,2
14.766,3
14.492,2
14.246,2
14.066,2
13.962,2
13.814,2
13.712,3
13.828,3
13.904,2
13.958,3
14.21,2
14.23,3
14.25,3
14.332,3
14.382,3
14.42,2
14.454,2
14.148,2
13.856,2
13.55,2
13.308,2
13.332,2
13.346,3
13.578,3
14.038,3
14.298,3
14.518,3
14.946,4
15.332,3
15.33,3
15.33,3
15.346,3
15.232,3
14.854,3
14.902,4
15.276,4
15.528,3
15.702,3
15.872,4
16.07,4
16.008,3
15.966,2
15.63,2
15.346,2
14.86,2
14.366,2
13.852,2
13.66,2
13.474,2
13.372,2
13.288,2
13.208,2
13.234,2
13.222,2
13.256,2
13.174,2
13.066,2
12.968,2
12.928,2
12.888,2
12.942,2
13.002,2
13.054,2
13.09,2
13.068,2
13.154,2
13.198,2
13.178,2
13.138,2
13.008,2
12.82,2
12.652,1
12.53,1
12.368,1
12.226,1
11.99,1
11.81,1
11.602,1
11.64,1
11.674,1
11.688,2
11.91,2
12.322,3
12.71,2
13.106,3
13.6,2
13.804,2
13.844,2
13.674,2
13.516,2
13.21,2
13.062,2
12.85,2
12.698,2
12.696,2
12.95,3
13.254,3
13.698,2
14.016,2
14.068,2
13.95,2
13.726,2
13.36,1
12.954,1
12.598,1
12.308,1
11.902,1
11.684,1
11.598,1
11.666,1
11.61,1
11.654,1
11.612,1
11.546,1
11.366,1
11.418,1
11.368,2
11.692,2
11.916,1
12.01,1
11.954,1
12.134,1
11.914,2
11.936,2
12.208,1
12.298,1
12.334,2
12.406,2
12.446,2
12.358,2
12.53,2
12.556,2
12.706,2
12.864,2
13.024,2
13.092,2
13.336,3
13.56,2
13.674,2
13.7,2
13.822,3
13.998,2
13.872,2
13.864,3
13.998,3
14.07,2
13.908,2
13.81,1
13.472,2
13.178,1
12.752,1
12.276,2
12.308,3
12.748,4
13.772,4
14.688,3
15.42,4
16.142,3
16.118,3
15.646,3
15.258,3
15.248,3
14.838,4
15.328,3
15.314,3
15.414,3
15.338,2
15.134,2
14.558,2
14.306,2
14.032,3
14.108,3
14.228,3
14.656,4
15.11,3
15.496,3
15.428,2
15.264,2
14.704,2
14.068,2
13.522,2
13.146,2
12.936,1
12.72,1
12.522,2
12.59,2
12.524,1
12.376,1
12.358,1
12.384,2
12.204,2
12.272,1
12.32,1
12.282,1
12.156,1
12.036,1
11.788,1
11.602,1
11.506,1
11.47,1
11.328,1
11.246,1
11.442,1
11.582,2
11.792,1
11.892,1
12.036,1
12.018,1
11.862,1
11.694,1
11.832,2
11.976,1
11.858,1
11.834,1
11.688,1
11.402,1
11.066,1
10.842,1
10.74,1
10.64,1
10.518,1
10.55,1
10.588,1
10.654,1
10.762,1
10.788,1
10.698,1
10.908,1
11.104,1
11.256,1
11.55,2
11.95,2
12.132,2
12.358,2
12.488,2
12.598,2
12.578,2
12.63,1
12.44,2
12.664,2
12.848,2
13.048,2
13.184,2
13.416,2
13.38,3
13.554,2
13.616,2
13.676,2
13.696,2
13.758,2
13.444,2
13.328,2
13.298,2
13.18,2
12.954,2
13.02,1
12.786,1
12.402,2
12.294,2
12.372,2
12.284,1
12.132,1
12.23,2
12.28,2
12.456,2
12.624,2
12.972,2
13.152,2
13.176,2
12.944,1
12.726,1
12.518,2
12.402,2
12.49,3
12.874,3
13.418,3
13.952,3
14.57,3
15.056,3
15.39,4
15.692,3
15.748,3
15.572,3
15.512,2
14.968,3
14.896,3
15.148,3
15.162,3
15.002,3
15.22,3
15.202,3
14.826,3
14.942,3
15.006,2
14.784,2
14.18,2
13.964,2
13.52,2
13.166,2
13.03,1
12.81,1
12.502,1
12.318,1
12.148,1
12.04,1
11.91,1
11.808,1
11.536,1
11.21,1
10.95,1
10.876,1
11.02,1
11.234,1
11.526,1
11.582,1
11.608,1
11.56,1
11.486,1
11.51,1
11.704,1
11.84,1
11.814,1
11.732,1
11.392,1
11.096,1
10.894,1
10.876,1
10.892,1
10.958,1
10.87,1
10.788,1
10.826,1
10.858,1
11.018,1
11.374,1
11.548,1
11.508,1
11.5,1
11.378,1
11.19,1
11.134,1
11.048,1
11.026,1
11.072,1
11.228,1
11.506,1
11.714,3
12.386,2
12.926,2
13.206,2
13.33,2
13.418,1
12.9,2
12.592,2
12.52,2
12.418,2
12.58,2
12.778,2
12.908,2
13.036,2
13.13,2
13.108,2
13.09,2
13.152,1
12.884,1
12.78,1
12.452,1
12.28,2
12.092,1
12.018,1
11.93,1
11.926,1
11.842,2
11.828,1
11.76,1
11.73,1
11.83,2
12.06,2
12.124,1
12.28,2
12.472,1
12.45,1
12.176,1
11.792,1
11.598,1
11.458,1
11.512,1
11.596,1
11.772,1
11.744,1
11.582,1
11.396,1
11.33,1
11.322,1
11.27,1
11.35,1
11.39,1
11.412,1
11.324,1
11.36,1
11.336,1
11.51,1
11.634,2
12.006,2
12.332,2
12.518,2
12.582,1
12.424,1
12.088,1
11.864,1
11.706,1
11.54,1
11.61,1
11.698,1
11.738,1
11.738,2
11.896,1
11.944,1
11.99,1
11.994,1
12,1
11.892,1
11.892,1
11.85,2
11.976,3
12.49,2
12.804,2
13.076,4
13.972,4
14.872,4
15.47,4
16.3,4
17.282,4
17.502,3
17.204,3
16.62,4
16.808,4
16.444,3
15.876,3
15.64,4
16.118,4
15.854,4
16.126,4
16.892,4
17.652,5
18.514,6
19.808,5
20.54,3
20.05,4
19.876,4
19.25,4
17.826,3
16.638,3
16.634,3
16.362,3
15.92,4
15.862,3
15.916,2
15.346,2
14.784,2
14.27,3
13.82,2
13.392,2
13.58,2
13.768,2
13.786,3
13.854,4
14.682,4
15.498,4
16.422,4
17.342,3
17.554,3
17.238,4
17.108,3
16.376,3
15.798,3
15.612,3
15.358,3
14.744,3
14.738,3
14.778,3
14.722,3
14.626,3
14.628,3
14.684,3
14.72,3
14.892,3
14.892,3
14.884,3
14.69,2
14.328,2
13.77,1
13.326,1
12.794,1
12.386,1
12.14,2
12.138,2
12.17,1
12.304,1
12.296,1
12.314,1
12.278,1
12.26,1
12.19,2
12.28,2
12.572,2
12.904,2
13.074,2
13.28,1
13.138,1
12.626,1
12.16,1
11.88,1
11.638,1
11.65,1
11.692,1
11.832,2
11.998,1
12.066,1
11.976,1
12.014,1
11.908,1
11.786,2
11.876,1
12.018,1
12.074,1
12.126,1
12.042,1
11.864,1
11.72,1
11.672,1
11.494,1
11.332,1
11.214,1
11.256,1
11.2,1
11.162,1
11.138,1
11.136,1
10.946,1
10.81,1
10.742,1
10.776,1
10.8,1
10.864,1
11.034,1
11.206,1
11.278,1
11.27,1
11.268,1
11.116,1
11.034,1
10.96,1
10.9,1
10.782,1
10.694,1
10.524,1
10.376,1
10.198,1
10.078,1
10.044,1
10.158,1
10.608,1
10.938,1
11.124,1
11.278,1
11.464,1
11.25,1
11.18,1
11.28,2
11.632,1
11.714,1
11.61,1
11.486,1
11.256,1
10.716,1
10.312,1
10.29,1
10.22,1
10.236,1
10.348,1
10.61,1
10.742,1
10.81,1
10.956,1
11.162,1
11.298,1
11.348,1
11.648,1
11.85,1
11.92,1
11.806,1
11.678,1
11.28,1
11.028,1
10.764,1
10.64,1
10.546,1
10.67,1
10.59,1
10.45,1
10.524,1
10.67,1
10.806,1
10.93,1
11.036,1
10.854,1
10.644,1
10.464,1
10.402,1
10.382,1
10.408,1
10.612,1
10.824,1
10.762,1
10.744,1
10.7,1
10.484,1
10.21,1
10.182,1
10.172,1
10.244,1
10.47,4
12.084,3
13.128,3
14.256,4
15.862,5
17.558,3
17.088,3
17.052,3
16.746,3
15.842,2
14.714,4
15.148,4
15.554,4
15.982,4
16.522,3
16.642,2
15.67,1
14.654,2
13.954,2
13.186,2
12.9,2
12.942,3
13.5,3
13.942,3
14.28,3
14.554,2
14.55,2
14.202,2
13.82,2
13.52,2
13.15,2
13.156,2
13.05,1
12.844,1
12.612,1
12.504,2
12.29,2
12.256,1
12.23,2
12.442,2
12.638,2
12.796,2
12.846,2
12.922,3
13.158,2
13.236,2
13.21,2
13.27,2
13.362,2
13.148,2
13.088,2
13.048,2
13.15,2
13.158,2
13.32,2
13.48,2
13.604,2
13.586,2
13.548,2
13.416,2
13.226,2
13.174,3
13.288,2
13.404,2
13.45,2
13.404,2
13.366,2
13.106,2
13.096,2
13.116,3
13.524,4
14.326,3
14.738,3
15.022,4
15.63,3
15.602,2
14.918,2
14.738,2
14.48,2
13.716,3
13.704,3
13.818,3
14.18,4
14.826,5
16.034,3
16.206,3
16.472,4
16.568,3
16.318,3
15.524,3
15.514,3
15.35,3
15.136,4
15.57,4
15.914,3
15.926,3
16.012,3
16.098,3
15.71,3
15.582,3
15.52,4
15.88,4
16.124,4
16.708,4
17.128,5
18.23,6
19.674,5
20.486,6
21.48,6
22.594,5
22.69,6
22.888,6
23.302,5
22.91,5
22.466,7
23.518,7
24.146,7
24.872,7
26.096,7
27.94,7
28.81,7
29.148,7
29.1,6
28.614,6
27.058,6
25.416,5
23.562,6
22.84,7
23.05,6
23.234,6
23.722,6
24.254,6
24.266,6
23.922,6
23.958,7
24.192,7
24.992,6
25.49,6
25.566,6
25.72,6
25.458,7
25.278,5
24.294,5
23.308,5
22.446,5
21.262,5
19.84,4
19.49,4
19.01,4
18.32,4
18.12,4
17.814,4
17.792,5
18.026,4
18.314,4
18.096,4
18.02,3
17.546,4
17.12,5
17.208,4
17.372,5
17.73,5
18.51,4
18.884,4
18.808,6
19.854,5
20.332,5
20.41,5
20.862,5
21.396,5
20.716,5
20.362,5
20.494,4
20.04,6
20.448,6
21.138,6
22.026,5
22.09,7
23.682,7
24.272,7
25.37,7
26.726,6
27.268,7
27.158,7
27.538,6
26.936,7
25.92,6
26.076,7
26.256,6
25.766,7
26.45,7
26.504,6
26.35,6
25.776,6
25.228,6
24.168,6
23.67,6
23.354,5
22.752,5
22.348,5
21.774,6
21.734,6
21.722,6
22.042,6
22.526,6
23.282,6
23.092,6
22.934,5
22.538,4
21.578,4
20.394,4
19.598,5
19.314,5
19.346,6
20.152,6
21.066,6
21.832,6
22.568,6
23.178,6
23.764,6
23.954,6
24.146,6
24.094,6
23.916,6
23.498,6
23.55,7
24.552,7
25.252,7
26.874,7
28.01,7
28.69,7
28.814,7
28.934,7
28.196,7
27.916,7
27.6,6
26.588,7
26.23,7
26.414,7
26.684,7
26.976,7
27.774,7
28.096,7
27.714,6
26.896,6
26.472,6
25.874,6
25.472,6
25.086,6
25.134,6
24.838,6
24.44,6
23.702,6
23.36,6
23.042,7
23.538,7
24.188,6
24.912,6
25.294,7
26.098,7
26.288,7
26.908,7
27.076,7
27.6,7
27.548,7
28.282,7
28.854,7
28.74,7
29.264,7
29.13,6
28.044,6
26.74,7
26.798,7
26.006,6
25.824,6
25.8,6
25.192,6
24.662,6
24.128,6
23.476,6
22.838,6
22.774,6
22.65,6
22.404,6
22.606,6
22.886,6
22.97,5
22.514,5
22.192,5
21.526,5
20.862,5
20.48,5
20.426,5
20.364,5
20.256,5
20.084,5
19.958,5
20.064,5
19.828,4
19.546,5
19.398,4
18.992,5
18.78,5
18.884,5
19.13,4
18.908,4
18.862,4
18.448,4
17.828,4
17.24,4
17.084,4
17.004,4
17.19,4
17.54,5
18.156,5
18.682,5
18.98,4
18.89,4
18.846,5
18.902,5
19.022,5
19.368,4
19.466,6
20.612,6
21.27,6
21.858,6
22.522,6
23.462,5
22.994,5
22.56,5
22.15,6
21.774,5
21.424,6
21.754,6
22.092,6
22.35,5
22.13,6
22.6,6
22.714,6
22.976,6
23.222,7
24.178,6
24.348,7
24.816,6
24.656,6
24.972,6
24.906,7
25.448,7
25.988,7
27.066,6
27.04,6
26.924,6
26.236,6
25.15,5
23.678,5
22.92,6
22.606,6
22.378,6
22.614,6
22.784,5
22.764,6
22.664,6
22.596,6
22.448,5
22.27,5
22.074,5
21.716,5
21.334,5
20.66,5
20.666,5
20.93,5
20.768,5
20.552,5
20.724,5
20.746,5
20.52,5
20.416,5
20.262,5
20.26,5
20.102,5
19.97,5
19.892,5
20.26,6
20.464,5
20.652,6
21.506,6
22.232,6
22.63,6
23.326,6
23.944,6
24.016,6
24.536,7
26.348,7
27.314,7
29.654,7
31.396,7
32.678,7
33.108,7
34.192,7
33.986,7
33.93,7
34.464,7
37.038,7
37.772,7
38.696,7
41.184,7
43.264,7
44.33,7
47.188,7
50.732,7
54.464,7
59.426,7
60.014,7
60.304,7
62.648,7
63.386,7
63.462,7
63.058,7
62.654,7
62.734,7
62.772,7
64.532,7
69.95,7
72.72,7
72.782,7
71.802,7
67.954,7
62.678,7
58.832,7
55.752,7
55.908,7
55.15,7
56.41,7
59.152,7
61.532,7
60.762,7
62.804,7
64.638,7
65.878,7
67.438,7
71.644,7
72.916,7
72.026,7
70.678,7
66.81,7
61.694,7
60.862,7
60.518,7
60.482,7
62.226,7
63.156,7
61.152,7
60.338,7
59.34,7
57.768,7
56.638,7
56.292,7
54.984,7
53.806,7
52.118,7
50.248,7
47.808,7
46.338,7
45.212,7
44.42,7
44.214,7
43.628,7
42.624,7
41.62,7
40.76,7
39.692,7
40.044,7
40.556,7
41.282,7
42.634,7
43.576,7
44.726,7
46.414,7
47.072,7
49.234,7
49.864,7
49.494,7
48.748,7
48.664,7
45.784,7
44.432,7
43.5,7
43.014,7
42.98,7
43.142,7
43.98,7
44.2,7
43.906,7
43.53,7
44.252,7
44.388,7
43.892,7
43.804,7
44.808,7
45.166,7
45.676,7
47.286,7
49.224,7
48.59,7
47.832,7
47.348,7
46.758,7
46.764,7
47.852,7
48.43,7
49.532,7
50.128,7
49.534,7
48.222,7
47.432,7
45.634,7
44.24,7
43.052,7
42.338,7
41.628,7
42.128,7
42.834,7
42.732,7
43.158,7
43.596,7
42.932,7
41.962,7
42.424,7
42.666,7
42.672,7
43.008,7
42.74,7
41.818,7
41.068,7
40.382,7
39.28,7
38.902,7
38.25,7
37.406,7
36.794,7
36.276,7
36.55,7
36.444,7
36.83,7
37.102,7
37.678,7
37.506,7
37.668,7
37.264,7
37.134,7
36.83,7
36.072,7
35.154,7
34.428,7
33.816,7
33.166,7
32.834,7
32.522,7
32.762,7
32.348,7
32.562,7
32.036,7
31.436,7
30.512,7
30.508,7
30.41,7
30.486,7
31.198,7
31.726,7
31.24,7
30.722,7
30.524,7
30.256,7
29.958,7
30.098,7
30.044,7
29.772,7
29.26,7
28.846,7
28.552,7
28.76,7
29.642,7
30.258,7
30.642,7
30.61,7
30.682,7
30.262,7
29.764,7
29.03,7
28.618,6
27.454,7
26.608,7
26.042,7
26.36,7
26.974,7
28.074,7
29.064,7
29.776,7
29.99,7
29.452,6
28.286,7
27.204,6
26.332,6
25.396,6
25.014,6
24.784,6
24.3,6
23.902,6
23.652,6
23.628,6
23.856,6
24.284,6
24.678,7
25.244,6
25.5,6
25.476,6
25.334,6
25.388,6
25.156,6
25.042,7
25.262,6
25.372,6
25.18,6
25.082,7
25.662,7
25.7,7
25.862,6
25.938,6
26.086,6
25.536,6
25.284,6
25.022,6
24.94,6
24.89,7
25.064,7
25.91,7
26.7,7
27.184,6
27.284,6
27.206,6
26.24,6
25.17,6
24.58,6
24.3,6
23.86,6
23.734,6
23.754,6
23.708,6
23.748,6
23.68,6
23.64,6
23.9,6
24.238,6
24.402,6
24.824,6
25.248,7
25.912,7
26.526,7
26.918,6
27.02,6
26.834,6
26.016,6
24.904,6
24.138,6
23.596,6
23.232,6
22.74,5
22.402,5
22.098,5
21.68,6
21.552,5
21.346,6
21.514,6
22.078,6
22.864,7
24.002,6
24.816,7
26.5,7
27.594,7
28.39,7
28.352,6
28.486,6
27.186,6
25.86,6
24.666,6
23.73,6
23.492,6
23.326,6
23.274,6
23.188,5
22.906,6
22.584,6
22.35,5
22.004,5
21.616,5
21.386,6
21.808,6
22.272,6
22.424,5
22.554,6
22.95,5
22.252,6
21.77,6
22.124,6
22.432,6
22.404,5
22.472,5
22.282,5
21.842,5
21.418,6
21.456,6
21.474,5
21.342,5
20.952,5
20.786,5
20.178,5
19.828,5
19.732,5
19.816,6
20.21,5
20.324,5
20.208,5
20.038,5
19.858,4
19.148,4
18.65,4
18.43,4
18.168,4
17.882,4
17.838,4
17.844,5
17.93,6
18.814,7
20.75,6
22.25,6
23.644,6
24.536,6
24.828,6
24.29,6
23.726,5
23.112,5
22.804,7
23.274,7
23.572,7
24.356,7
25.26,6
26.02,6
25.596,6
24.92,6
24.068,6
23.212,5
22.258,5
21.47,5
20.912,5
20.736,5
20.446,5
20.34,5
20.236,5
20.1,5
19.638,5
19.35,5
19.074,4
18.658,4
18.364,4
18.136,4
18.084,4
17.952,4
17.984,4
18.026,4
17.98,4
17.648,4
17.36,4
17.238,4
17.012,4
16.744,4
16.872,4
17.228,4
17.388,4
17.532,4
17.688,4
17.696,4
17.51,4
17.36,4
17.088,4
16.986,4
16.764,3
16.498,3
16.21,3
16.204,3
15.998,3
15.88,4
16.324,4
16.676,3
16.582,4
16.728,4
16.844,4
16.496,4
16.522,6
17.938,5
18.89,4
19.284,6
20.37,5
20.914,6
21.12,6
21.886,7
24.758,7
28.538,7
30.268,7
31.164,6
31.286,7
30.062,7
28.12,7
28.52,7
29.566,7
31.526,7
35.348,7
37.12,7
38.616,7
38.828,7
38.768,7
35.546,7
33.94,7
33.384,7
32.496,7
31.384,7
32.544,7
33.444,7
33.076,7
33.788,7
34.01,7
32.672,7
31.074,7
29.508,7
27.946,6
26.842,6
25.874,6
25.134,7
25.37,7
25.568,7
26.506,7
27.422,7
28.246,7
29.662,7
31.188,7
31.812,7
32.13,7
32.26,7
30.802,6
29.036,6
27.46,6
26.322,6
25.304,6
24.914,6
24.8,7
25.054,7
25.362,6
25.236,6
25.386,6
25.284,6
24.728,6
24.08,6
23.932,6
23.654,6
23.554,6
23.56,6
23.416,6
23.304,6
22.896,6
22.49,6
22.138,6
22.164,6
22.112,6
22.748,6
23.474,7
24.374,7
25.166,6
25.558,6
25.398,7
25.54,6
25.39,6
25.302,7
25.928,7
26.35,7
26.536,6
26.328,7
26.638,7
26.356,6
25.794,6
24.958,5
24.33,6
23.648,6
23.088,6
22.872,6
22.632,5
22.612,5
22.164,6
21.934,6
21.716,6
21.72,5
21.778,6
21.936,6
22.018,6
22.448,6
22.388,6
22.596,6
22.646,6
22.794,6
22.76,6
22.918,6
23.116,6
22.948,5
22.596,5
22.168,5
21.81,5
20.896,5
20.33,5
19.846,5
19.51,5
19.174,5
19.2,5
19.54,5
19.684,5
19.562,5
19.512,5
19.664,5
19.582,5
19.766,5
20.088,5
20.572,6
20.968,5
21.238,5
21.008,4
20.536,4
19.948,4
19.24,5
18.742,4
18.524,4
18.548,5
19.018,5
19.4,6
20.1,6
20.758,5
20.78,4
20.266,4
19.9,5
19.51,5
19.07,6
19.764,5
20.462,6
21.496,5
21.642,5
21.608,4
20.766,4
20.064,4
18.954,4
18.23,4
17.802,4
17.722,4
17.628,4
17.552,4
17.592,4
17.62,3
17.32,4
17.092,4
16.868,3
16.37,4
16.186,4
16.498,4
16.72,4
16.878,4
17.292,4
17.548,4
17.536,4
17.508,4
17.456,4
17.432,4
17.31,4
17.296,4
17.198,4
17.042,4
16.84,3
16.504,3
16.17,4
16.254,4
16.604,4
17.02,4
17.458,4
17.802,4
17.668,3
17.3,5
17.614,5
17.99,4
17.998,4
18.13,4
18.238,3
17.416,4
16.766,3
16.402,3
16.116,3
15.996,3
15.948,3
15.882,4
15.994,4
16.164,4
16.264,4
16.412,5
17.382,6
18.534,5
19.454,5
19.98,4
20.364,5
20.406,5
20.12,4
19.576,5
19.544,5
20.006,5
19.768,5
19.672,6
20.328,5
20.532,5
20.626,6
21.526,7
23.362,7
24.26,6
25.132,5
25.028,5
24.206,5
22.16,4
20.486,4
19.18,5
18.946,4
18.536,4
18.244,4
18.192,4
18.09,4
17.702,4
17.52,4
17.358,4
17.232,4
17.326,4
17.144,4
17.112,4
17.116,4
16.948,3
16.438,4
16.512,3
16.26,3
15.89,3
15.574,3
15.664,3
15.396,3
15.3,3
15.21,3
15.222,3
15.266,4
15.482,4
15.828,4
16.544,4
17.274,4
17.508,3
17.35,4
17.324,3
16.89,4
16.624,4
16.84,4
17.168,4
17.024,3
16.922,4
16.994,4
17,4
17.054,4
17.222,3
17.336,3
17.046,3
16.482,4
16.578,4
16.782,4
17.154,4
17.656,4
18.18,5
18.278,4
18.214,5
18.396,5
18.62,4
18.658,5
19.164,6
20.156,6
20.754,5
20.83,5
20.95,4
20.39,5
19.702,5
19.552,5
19.666,5
19.728,4
19.478,4
18.924,3
17.878,3
16.978,4
16.412,3
16.148,3
16.034,4
16.538,5
17.3,5
18.014,5
18.984,5
19.7,5
20.212,5
20.08,5
19.916,4
19.268,4
18.866,5
18.546,5
18.75,6
19.528,6
20.764,6
22.31,6
23.172,6
24.084,6
24.164,7
25.748,7
27.098,7
31.966,7
34.02,7
37.942,7
39.41,7
40.282,7
37.056,7
36.614,7
34.332,7
35.066,7
36.404,7
38.518,7
39.202,7
40.066,7
39.484,7
37.992,7
35.96,7
35.284,7
34.428,7
32.84,7
32.506,7
33.45,7
33.548,7
34.088,7
35.428,7
36.362,7
36.344,7
36.588,7
36.118,7
34.61,7
33.438,7
32.628,7
33.172,7
35.048,7
37.102,7
38.36,7
39.33,7
40.082,7
39.58,7
39.922,7
41.208,7
41.83,7
41.176,7
40.662,7
39.31,7
36.824,7
35.232,7
33.922,7
32.808,7
31.216,7
31.29,7
31.03,7
31.666,7
32.482,7
33.098,7
32.272,7
32.404,7
31.488,6
29.624,6
28.266,7
28.406,7
28.916,7
29.492,7
30.5,7
31.626,7
31.604,7
30.146,7
30.83,7
31.292,7
31.268,7
31.524,7
32.272,7
31.742,7
32.082,7
32.474,7
32.83,7
32.98,7
33.074,7
33.066,7
33.092,7
32.638,7
31.804,7
30.49,7
29.1,7
28.242,7
27.74,7
27.914,7
28.55,7
28.322,6
27.888,6
27.344,7
26.818,6
25.722,6
25.304,6
25.154,6
24.716,5
23.794,5
23.004,5
22.292,6
21.69,6
21.75,6
21.994,6
22.442,6
22.89,6
22.952,5
22.544,5
22.14,5
21.674,5
21.218,5
20.984,5
20.782,5
20.838,6
21.064,5
21.104,5
20.868,4
20.43,4
19.982,5
19.324,4
18.808,4
18.548,4
18.598,5
18.744,5
18.85,4
18.898,4
18.78,4
18.494,4
18.166,4
17.808,4
17.73,4
17.86,5
18.598,5
18.854,5
19.232,5
19.828,5
19.946,4
19.344,4
19.174,4
18.904,4
18.036,4
17.654,4
17.736,4
17.69,4
17.738,4
17.83,4
17.826,4
17.798,5
18.38,5
18.508,4
18.646,4
18.61,3
18.128,3
16.914,3
16.162,3
15.656,3
15.128,3
15.008,3
15.164,3
15.128,3
15.158,3
15.228,3
15.072,3
15.074,3
15.142,3
15.124,3
15.26,3
15.536,3
15.55,4
15.744,4
15.988,5
16.65,5
17.6,5
18.472,4
18.624,5
19.194,5
19.342,4
18.956,4
18.68,4
18.912,4
18.49,5
18.374,4
18.302,4
17.938,4
17.514,4
17.29,4
16.926,4
16.626,4
16.638,4
16.902,5
17.47,5
17.828,5
18.318,5
18.958,5
19.212,5
19.358,6
19.944,6
20.528,6
20.966,6
22.098,6
23.14,6
23.168,6
23.27,6
23.282,5
22.692,6
22.024,5
21.828,6
22.16,6
22.506,7
23.53,7
24.402,6
25.132,6
24.736,6
24.268,5
23.182,6
22.67,6
22.152,6
22.574,6
22.566,5
22.542,4
21.494,4
20.752,4
19.346,5
19.026,4
18.426,5
18.838,5
19.106,5
19.548,5
19.474,4
19.268,4
18.552,4
17.94,4
17.55,4
17.028,4
17.208,5
17.592,4
17.85,4
18.016,4
17.944,4
17.77,4
17.322,3
16.964,3
16.388,4
16.294,4
16.596,5
17.394,5
18.03,4
18.446,4
18.532,4
18.414,5
18.106,5
18.03,4
18.038,3
17.826,3
17.41,3
16.822,3
16.094,3
15.636,3
15.456,2
15.006,3
14.778,3
14.64,3
14.442,2
14.184,2
14.248,3
14.282,3
14.378,3
14.712,3
15.058,4
15.524,4
15.818,4
16.208,4
16.582,4
17.04,4
17.366,4
17.616,3
17.324,3
16.634,4
16.396,4
16.082,3
15.694,2
15.384,3
15.41,3
15.072,3
14.626,2
14.242,3
14.246,2
14.14,3
14.052,3
14.302,4
14.888,3
15.042,3
15.392,4
15.826,3
15.882,3
15.606,3
15.548,3
15.268,3
15.026,4
15.158,4
15.33,3
15.538,3
15.9,3
15.932,3
15.702,3
15.458,3
15.346,4
15.53,4
15.8,5
16.522,4
17.174,4
17.792,4
17.942,4
18.338,4
17.91,4
17.762,4
17.822,4
17.776,5
17.872,4
18.232,4
18.436,4
18.088,4
17.902,4
17.67,4
17.57,4
17.13,3
16.842,3
16.528,3
16.006,3
15.436,3
15.254,3
15.39,3
15.476,3
15.426,3
15.572,4
15.8,4
16.04,4
16.23,4
16.534,3
16.54,3
16.422,3
16.112,3
16.01,4
16.006,4
16.226,4
16.284,3
16.284,4
16.566,4
16.788,4
16.956,4
17.256,5
18.038,5
18.46,6
19.47,4
19.506,3
18.874,3
17.89,2
16.762,2
14.976,2
14.096,2
13.922,2
13.708,2
13.614,2
13.56,2
13.546,2
13.468,2
13.484,2
13.304,2
13.086,2
12.868,2
12.722,2
12.586,2
12.808,2
12.984,3
13.356,3
13.674,2
13.676,3
13.896,2
13.978,2
13.796,2
13.64,2
13.664,2
13.318,2
13.102,2
13.016,2
12.848,2
12.736,1
12.61,3
13.018,3
13.466,3
13.768,5
15.074,4
15.986,3
15.996,3
16.054,3
16.292,2
15.296,2
14.618,2
14.378,2
13.888,2
13.334,1
12.844,1
12.602,1
12.262,1
11.91,1
11.652,2
12.012,3
12.436,2
12.604,2
13.142,2
13.596,2
13.672,2
13.348,2
13.444,2
13.186,2
13.188,2
12.996,3
13.284,2
13.432,2
13.676,2
13.598,2
13.61,2
13.24,1
12.91,1
12.538,4
13.354,2
13.578,4
14.408,4
15.472,3
16.054,3
15.478,2
15.382,2
14.802,2
14.014,2
13.742,2
13.606,2
13.614,3
13.79,2
13.784,2
13.632,2
13.422,2
13.284,2
12.918,2
12.826,2
12.774,2
12.752,2
12.74,2
12.77,2
12.758,2
12.73,2
12.824,2
12.944,2
13.146,3
13.346,2
13.654,3
13.946,3
14.238,3
14.38,4
14.826,4
15.284,4
15.642,4
16.176,4
16.596,3
16.364,3
16.196,4
16.356,4
16.574,4
16.53,4
16.932,4
17.204,4
17.112,4
16.722,5
17.538,5
17.888,5
18.55,4
18.922,4
19.036,4
18.31,4
17.902,4
17.154,4
16.748,3
16.546,3
16.152,3
15.736,3
15.332,3
14.886,2
14.448,2
14.238,2
14.04,3
14.054,2
13.968,2
13.92,2
13.66,1
13.36,2
13.008,2
12.888,2
12.728,2
12.764,2
12.984,2
13.13,2
13.184,2
13.178,1
13.03,1
12.72,2
12.586,2
12.492,2
12.45,2
12.736,2
12.93,1
12.848,2
12.86,3
13.26,3
13.452,3
13.91,3
14.43,3
15.01,3
15.016,2
14.938,3
14.916,4
15.288,4
15.398,4
15.808,4
16.414,4
16.738,3
16.56,3
16.416,3
16.224,3
15.948,3
15.532,2
15.12,3
14.824,3
14.486,3
14.236,3
14.236,2
14.19,2
13.964,2
13.756,3
13.742,3
13.652,2
13.736,2
13.916,3
14.384,4
14.842,3
15.134,4
15.652,4
16.374,4
16.63,5
17.192,5
18.152,5
18.752,4
18.514,3
18.31,3
17.642,4
17.306,3
16.328,2
15.728,2
15.192,2
14.61,2
13.544,2
13.286,2
13.23,2
13.24,2
13.27,2
13.286,2
13.332,2
13.442,2
13.48,2
13.404,2
13.376,2
13.18,2
13.212,2
13.136,2
13.056,2
12.966,2
12.936,2
12.628,1
12.486,2
12.6,2
12.714,2
12.89,2
12.948,1
12.962,2
12.9,2
12.784,2
12.7,2
12.908,3
13.302,3
13.654,3
14.032,3
14.452,2
14.47,2
14.322,2
14.194,3
14.338,3
14.43,3
14.824,3
15.332,3
15.792,2
15.468,3
15.19,2
14.796,2
14.198,2
13.452,1
13.158,2
12.82,2
12.774,2
12.91,3
13.26,2
13.546,2
13.764,2
13.636,2
13.466,2
13.198,1
12.874,2
12.82,1
12.692,1
12.574,2
12.502,2
12.562,2
12.48,2
12.592,2
12.89,4
14.012,4
15.008,3
15.594,4
16.496,4
17.2,4
17.254,5
18.058,5
18.72,5
19.24,4
19.228,3
18.604,3
17.368,3
16.448,3
15.318,3
14.7,2
14.356,2
14.078,3
14.276,3
14.374,3
14.482,3
14.614,2
14.574,3
14.344,2
14.194,2
14.058,3
14.412,3
14.498,2
14.406,3
14.44,3
14.462,3
14.102,3
14.242,3
14.358,3
14.76,4
15.502,3
15.79,3
15.734,3
15.864,3
15.524,3
14.96,3
14.85,2
14.75,3
14.712,3
14.732,3
14.614,2
14.372,2
14.188,2
13.82,2
13.57,2
13.48,3
13.818,3
14.176,2
14.322,3
14.826,4
15.44,3
15.548,3
15.692,3
15.764,2
15.258,2
14.502,2
13.918,2
13.45,2
13.278,2
13.418,2
13.562,2
13.666,2
13.694,2
13.68,2
13.45,2
13.314,2
13.332,2
13.33,2
13.366,2
13.368,1
13.156,1
12.822,1
12.576,2
12.524,2
12.428,2
12.466,2
12.632,1
12.58,1
12.352,1
12.136,1
11.954,1
11.698,1
11.63,1
11.504,1
11.548,1
11.62,1
11.7,1
11.722,1
11.588,1
11.502,1
11.326,1
11.23,2
11.406,1
11.696,2
11.996,1
12.21,1
12.012,1
11.624,1
11.358,1
11.024,1
11.038,1
11.234,1
11.436,1
11.518,1
11.636,1
11.44,1
11.286,1
11.024,1
11.038,1
11.12,1
11.22,2
11.574,1
11.926,1
12.024,1
12.02,1
11.89,3
12.28,1
12.276,2
12.474,1
12.53,1
12.634,1
12.094,2
12.22,2
12.17,2
12.378,2
12.74,4
13.762,4
14.63,3
15.142,4
15.86,4
16.468,4
16.41,3
16.158,3
15.98,3
15.432,2
14.738,2
13.89,2
13.366,1
12.984,1
12.6,1
12.376,1
12.244,1
11.908,1
11.784,1
11.668,1
11.668,1
11.726,1
11.828,1
11.938,2
12.084,2
12.256,1
12.264,2
12.4,2
12.65,2
12.754,2
12.786,2
13.03,3
13.322,2
13.168,2
13.122,1
12.968,1
12.728,2
12.642,3
13.082,2
13.206,3
13.928,3
14.476,3
14.934,4
15.21,4
15.898,3
16.002,3
15.942,3
15.838,4
16.016,3
15.696,5
16.216,5
17.554,6
19.39,6
20.508,7
22.736,6
24.024,6
24.174,4
22.96,3
21.618,4
19.942,4
18.208,3
17.032,3
16.526,3
16.188,3
15.644,3
15.242,2
14.826,3
14.564,3
14.664,3
14.468,2
14.298,2
14.116,2
13.704,2
13.31,2
13.08,2
13.104,2
13.142,2
13.406,2
13.594,2
13.782,2
13.74,2
13.658,2
13.384,1
13.062,1
12.684,2
12.634,3
12.912,2
12.958,2
13.002,2
13.064,1
12.762,3
12.746,3
13.154,4
14.366,5
15.906,5
17.758,5
19,6
20.736,5
20.918,4
20.264,4
19.346,3
18.312,3
16.558,3
15.544,3
15.082,3
14.796,3
14.93,5
15.81,4
16.494,5
17.578,5
18.79,5
19.468,4
19.03,4
18.982,5
18.918,5
18.806,5
19.24,6
20.316,5
20.996,5
21.054,5
20.712,4
19.696,4
18.55,3
17.464,4
16.93,5
17.248,5
17.72,5
18.582,5
19.364,4
19.386,4
18.964,4
18.582,4
17.846,4
17.67,4
17.65,4
17.376,3
17.074,3
16.554,3
16.004,3
15.648,3
15.314,3
15.106,3
15.08,2
14.658,2
14.336,2
14.06,2
13.868,2
13.564,2
13.598,3
13.676,2
13.702,3
14.074,3
14.478,4
15.044,4
15.572,3
15.848,3
16.008,3
16.118,3
15.912,2
15.332,3
15.062,2
14.466,2
14.026,2
13.618,3
13.912,3
14.258,3
14.668,3
14.888,3
15.222,3
15.156,3
14.93,3
14.864,3
14.918,2
14.656,2
14.252,2
13.834,2
13.674,2
13.452,2
13.224,2
13.126,2
13.388,2
13.26,2
13.176,2
13.15,2
13.126,1
12.806,2
12.77,2
12.602,2
12.738,3
13.152,2
13.234,2
13.18,3
13.56,3
13.912,3
14.028,2
14.06,2
14.26,2
14.17,2
13.892,2
13.414,2
13.318,2
13.094,2
12.892,2
12.716,1
12.59,1
12.54,2
12.806,2
12.89,2
12.976,2
13.322,2
13.69,3
13.726,2
13.804,3
14.084,3
14.158,3
14.422,3
14.468,2
14.38,2
14.008,2
13.922,3
13.942,3
14.01,3
14.266,2
14.334,2
14.37,2
13.84,1
13.3,2
13.052,2
13.216,2
13.228,5
14.45,4
15.674,3
16.24,4
16.796,4
17.394,3
16.842,5
17.128,5
17.904,4
17.912,2
17.29,2
16.746,2
15.46,1
13.888,1
12.912,1
12.582,1
12.352,1
12.13,2
12.236,2
12.594,3
13.264,2
13.508,2
13.584,1
13.482,1
13.158,2
12.55,2
12.462,2
12.464,2
12.792,2
13.046,1
12.98,2
13.122,2
13.342,2
13.286,2
13.174,2
13.332,2
13.348,3
13.676,5
14.806,7
17.846,7
23.39,7
27.836,7
30.85,7
32.242,7
31.846,7
29.384,7
28.46,7
27.614,6
27.516,7
27.866,6
27.16,7
26.126,6
25.782,6
25.3,6
24.59,6
24.118,5
23.142,5
22.496,6
22.312,5
21.49,6
21.47,6
21.626,6
22.092,6
22.36,7
23.858,7
24.736,6
25.21,6
25.026,5
24.49,5
22.872,5
21.386,4
20.166,4
19.14,4
18.368,3
17.694,4
17.348,4
17.274,3
17,3
16.594,3
16.356,3
15.972,4
15.706,3
15.386,3
15.268,3
15.33,3
15.266,3
14.792,3
14.824,3
14.946,3
14.718,3
14.54,3
14.776,3
14.864,3
14.716,4
15.19,3
15.34,3
15.45,4
16.114,5
17.264,4
17.592,5
18.302,4
18.46,4
18.184,3
17.262,3
16.754,3
16.172,3
15.84,3
15.466,3
15.598,3
15.408,3
15.404,4
15.988,3
15.926,3
15.868,4
16.454,5
17.194,5
17.44,6
19.356,6
20.734,5
21.404,4
21.054,5
20.974,5
20.236,5
19.43,4
18.56,3
18.102,3
17.462,4
16.704,3
16.18,4
16.318,4
16.846,5
17.838,5
18.324,5
19.226,6
20.766,7
22.526,6
23.246,6
23.872,6
24.798,6
24.59,7
24.592,7
24.942,7
25.966,7
26.26,6
25.938,6
25.364,6
24.654,6
23.758,6
22.904,5
22.476,5
21.642,6
21.538,5
21.246,6
21.13,6
21.766,7
22.97,7
23.882,7
24.81,7
26.07,6
26.474,6
26.096,6
25.25,5
24.32,5
22.798,5
21.594,5
20.968,5
20.65,5
20.144,5
20,5
20.234,4
19.578,4
18.852,4
18.37,4
17.78,4
17.14,4
17.334,4
17.584,4
17.854,4
17.782,4
17.696,4
17.33,3
16.66,3
15.938,2
15.442,2
14.816,3
14.282,3
14.272,3
14.332,3
14.576,2
14.582,2
14.46,2
14.262,2
13.934,3
13.71,3
14.03,3
14.136,3
14.578,3
15.03,4
15.458,3
15.344,2
15.294,2
14.806,2
14.458,2
13.876,2
13.554,2
13.442,2
13.488,2
13.408,3
13.554,2
13.698,2
13.796,3
14.05,3
14.546,3
14.666,3
14.994,3
15.45,3
15.588,3
15.392,3
15.37,2
14.976,3
14.704,3
14.404,3
14.468,3
14.49,3
14.878,3
15.13,4
15.514,3
15.546,3
15.774,3
15.544,2
15.134,2
14.554,2
14.138,3
13.812,3
13.768,2
13.714,2
13.722,2
13.828,2
13.8,3
13.776,3
13.978,4
14.69,5
16.154,5
17.444,5
18.656,5
19.602,5
20.078,4
19.558,4
19.154,5
19.36,4
18.936,7
20.206,6
21.302,5
21.356,4
20.45,3
20.126,3
17.928,3
16.274,3
15.516,3
15.14,2
14.654,2
14.408,2
14.002,2
13.618,2
13.23,2
13.124,2
12.904,1
12.588,1
12.334,2
12.318,1
12.188,2
12.274,2
12.49,2
12.702,2
12.698,1
12.668,2
12.582,2
12.646,2
12.652,2
12.592,1
12.496,1
12.308,1
11.966,1
11.804,1
11.656,1
11.688,1
11.75,2
11.946,1
11.974,1
11.924,1
11.882,1
11.974,2
11.922,2
12.174,2
12.614,2
13.076,2
13.21,2
13.358,2
13.352,2
13.322,1
12.988,1
12.804,1
12.568,2
12.386,4
13.19,3
13.826,4
14.992,4
16.232,4
16.99,3
16.564,3
16.638,3
16.252,2
15.284,1
14.428,1
13.812,3
13.606,2
13.042,2
12.86,2
13.26,2
13.46,2
13.274,2
13.38,2
13.5,2
13.264,2
13.302,2
13.264,3
13.61,3
14.194,4
14.964,3
15.492,3
16.058,3
16.042,3
15.742,2
15.154,2
14.598,2
13.96,2
13.596,3
13.562,3
13.884,3
14.454,4
15.262,4
16.282,5
17.298,6
18.642,6
19.906,5
20.236,5
20.272,3
19.284,3
17.816,3
16.148,3
15.302,2
14.228,2
14.096,2
13.818,2
13.554,2
13.142,2
12.95,2
12.692,2
12.49,2
12.55,2
12.646,2
12.83,3
13.158,3
13.514,1
13.312,1
13.09,1
12.868,2
12.582,1
12.108,2
12.208,2
12.394,2
12.588,2
12.618,1
12.708,1
12.522,1
12.268,1
11.884,1
11.612,1
11.46,1
11.516,2
11.816,2
12.236,2
12.758,2
13.04,1
13.012,1
12.756,1
12.346,1
11.85,1
11.578,1
11.46,1
11.434,1
11.416,1
11.478,2
11.676,2
11.98,1
11.98,1
12.088,1
11.928,1
11.594,1
11.164,1
10.972,1
10.994,1
11.178,1
11.378,1
11.638,1
11.716,1
11.614,1
11.474,1
11.402,1
11.192,1
11.168,1
11.108,1
10.998,1
11.102,1
11.278,1
11.406,1
11.506,1
11.706,1
11.654,1
11.596,1
11.716,2
11.986,2
12.146,1
12.166,1
12.064,1
11.894,1
11.6,1
11.464,1
11.562,1
11.702,1
11.724,1
11.894,1
11.848,1
11.63,1
11.554,1
11.552,2
11.586,2
11.822,2
12.204,2
12.54,2
12.772,1
12.584,1
12.306,1
11.99,2
11.872,2
11.848,1
11.9,2
12.194,2
12.364,2
12.464,2
12.798,3
13.454,3
14.03,3
14.744,3
15.102,3
15.176,3
15.148,3
14.824,3
14.558,1
13.794,1
13.062,1
12.246,1
11.488,1
10.726,1
10.58,1
10.546,1
10.512,1
10.532,1
10.482,1
10.414,1
10.288,1
10.194,1
10.222,1
10.188,1
10.318,1
10.456,3
11.532,3
12.344,1
12.672,1
12.774,1
12.788,1
11.674,1
10.74,1
10.294,1
10.184,1
10.122,1
10.096,1
10.048,1
10.1,1
10.114,1
10.11,1
10.164,1
10.354,1
10.632,1
10.626,1
10.676,1
10.824,1
10.76,1
10.542,1
10.63,1
10.652,1
10.568,1
10.496,1
10.402,1
10.442,1
10.298,1
10.49,1
10.722,1
10.986,1
10.988,2
11.49,1
11.44,1
11.426,1
11.36,1
11.206,1
10.678,1
10.342,1
10.084,1
9.884,1
9.782,1
9.718,1
9.688,1
9.61,1
9.518,1
9.48,1
9.586,1
9.772,1
9.938,1
10.07,1
10.206,1
10.272,1
10.22,1
10.154,1
10.328,1
10.494,3
11.614,3
12.71,1
13.19,1
13.406,1
13.532,3
13.434,3
13.184,2
13.356,1
13.218,1
13.32,1
12.656,1
12.06,1
11.686,1
11.756,1
11.55,1
11.222,1
10.992,1
11.174,1
11.16,1
11.226,1
11.532,1
11.652,1
11.322,1
11.096,1
10.874,1
10.484,1
10.368,1
10.288,1
10.144,1
9.99,1
9.874,1
9.886,1
9.884,1
9.902,1
9.878,1
9.862,1
9.71,1
9.578,1
9.53,1
9.458,1
9.486,1
9.662,1
9.776,1
9.82,1
9.964,1
9.956,1
9.872,1
9.918,1
9.962,1
9.99,1
10.062,1
10.294,1
10.464,1
10.696,1
10.946,1
10.912,1
10.798,1
10.602,1
10.396,1
10.122,1
9.99,1
9.77,1
9.712,1
9.628,1
9.742,1
10.172,1
10.592,1
10.932,2
11.602,1
11.854,1
11.882,1
11.712,1
11.34,1
10.69,1
10.272,1
9.96,1
9.836,1
10.03,1
10.31,1
10.662,1
11.024,1
11.284,1
11.348,1
11.124,1
10.754,1
10.286,1
10.004,1
9.836,1
9.902,1
9.87,1
9.908,1
9.93,1
9.838,1
9.664,1
9.76,1
9.904,1
9.992,1
10.084,1
10.368,1
10.342,1
10.122,1
9.872,1
9.68,1
9.376,1
9.438,1
9.572,1
9.704,1
9.892,1
10.32,1
10.686,1
11.166,1
11.444,1
11.618,1
11.506,1
11.418,1
11.29,1
11.252,2
11.814,3
12.552,2
12.966,2
13.344,4
14.59,7
19.286,7
22.324,7
25.162,7
29.16,7
31.51,6
29.168,6
28.166,5
26.472,5
23.606,5
21.686,5
20.684,5
19.694,5
19.586,4
19.058,3
18.326,4
